aptDong,aptNm,buildYear,buyerGbn,cdealDay,cdealType,dealAmount,dealDay,dealMonth,dealYear,dealingGbn,estateAgentSggNm,excluUseAr,floor,jibun,landLeaseholdGbn,rgstDate,sggCd,slerGbn,umdNm
,상아아파트,1981,,,,"153,000",28,1,2015,,,147.74,4,19-4,N,,11680,,삼성동
,"현대14차(203,204,205,206동)",1987,,,,"143,000",22,1,2015,,,84.98,5,447,N,,11680,,압구정동
,한솔마을,1994,,,,"83,200",27,1,2015,,,84.73,1,731,N,,11680,,일원동
,타워팰리스2,2003,,,,"182,000",26,1,2015,,,144.63,29,467-17,N,,11680,,도곡동
,상지리츠빌5B,2001,,,,"130,000",26,1,2015,,,152.85,4,127-37,N,,11680,,청담동
,주공2,1982,,,,"118,000",13,1,2015,,,80.15,1,140,N,,11680,,개포동
,우성8,1987,,,,"70,000",29,1,2015,,,79.61,3,179,N,,11680,,개포동
,삼익,1992,,,,"47,200",31,1,2015,,,49.2,10,708,N,,11680,,수서동
,현대힐스테이트2단지,2008,,,,"107,000",27,1,2015,,,84.236,6,50,N,,11680,,삼성동
,상지리츠빌카일룸(65-4),2012,,,,"360,934",30,1,2015,,,237.74,3,65-4,N,,11680,,삼성동
,성원대치2단지아파트,1992,,,,"32,800",16,2,2015,,,33.18,1,12,N,,11680,,개포동
,한솔마을,1994,,,,"90,000",28,2,2015,,,84.73,3,731,N,,11680,,일원동
,도곡렉슬,2006,,,,"74,000",16,2,2015,,,59.9772,6,527,N,,11680,,도곡동
,아카데미스위트1,2004,,,,"102,000",16,2,2015,,,122.07,10,467-7,N,,11680,,도곡동
,한신오페라하우스,2003,,,,"101,500",7,2,2015,,,134.91,5,35-47,N,,11680,,청담동
,역삼동월드메르디앙,2005,,,,"64,000",28,2,2015,,,81.76,11,795-41,N,,11680,,역삼동
,삼성동힐스테이트 1단지,2008,,,,"153,000",12,2,2015,,,114.039,15,16-2,N,,11680,,삼성동
,역삼동골든베리힐,2004,,,,"55,000",23,2,2015,,,127.7,2,667-1,N,,11680,,역삼동
,타워팰리스1,2002,,,,"144,000",14,2,2015,,,121.42,31,467,N,,11680,,도곡동
,리갈팰리스,2007,,,,"113,700",28,2,2015,,,184.63,4,626,N,,11680,,신사동
,아크로힐스논현,2014,,,,"107,500",2,3,2015,,,84.208,18,276-1,N,,11680,,논현동
,삼성청담공원아파트,1999,,,,"90,000",24,3,2015,,,107.22,13,60,N,,11680,,청담동
,두산위브2단지,2004,,,,"71,000",18,3,2015,,,84.721,8,258,N,,11680,,논현동
,도곡렉슬,2006,,,,"74,000",20,3,2015,,,59.9772,20,527,N,,11680,,도곡동
,강남데시앙파크,2011,,,,"60,000",30,3,2015,,,84.95,4,525,N,,11680,,세곡동
,대치삼성,2000,,,,"114,500",30,3,2015,,,97.35,19,1014-3,N,,11680,,대치동
,롯데캐슬프레미어,2007,,,,"155,000",11,3,2015,,,121.931,9,11,N,,11680,,삼성동
,"현대1차(12,13,21,22,31,32,33동)",1976,,,,"210,000",22,3,2015,,,161.19,10,369-1,N,,11680,,압구정동
,프리우스역삼101동,2006,,,,"53,000",30,3,2015,,,82.48,3,636-33,N,,11680,,역삼동
,대림아크로빌,1999,,,,"140,000",19,3,2015,,,172.464,22,467-6,N,,11680,,도곡동
,상지리츠빌카일룸3차,2009,,,,"459,000",16,4,2015,,,254.96,7,129-16,N,,11680,,청담동
,도곡렉슬,2006,,,,"82,000",28,4,2015,,,59.9818,4,527,N,,11680,,도곡동
,아카데미스위트1,2004,,,,"107,800",24,4,2015,,,122.07,13,467-7,N,,11680,,도곡동
,롯데캐슬프레미어,2007,,,,"145,500",21,4,2015,,,121.931,13,11,N,,11680,,삼성동
,한솔마을,1994,,,,"89,000",15,4,2015,,,84.73,5,731,N,,11680,,일원동
,풍림아이원1차103동(910-5),2003,,,,"66,500",15,4,2015,,,84.69,6,910-5,N,,11680,,대치동
,대치아이파크,2008,,,,"118,000",22,4,2015,,,84.95,14,888,N,,11680,,대치동
,삼성래미안,2001,,,,"100,000",24,4,2015,,,84.89,21,91-5,N,,11680,,도곡동
,청담신원아침도시마인,2013,,,,"27,000",24,4,2015,,,27.7131,6,122-35,N,,11680,,청담동
,개포주공1단지,1982,,,,"95,000",30,4,2015,,,56.57,1,141,N,,11680,,개포동
,현대오티움,1998,,,,"171,000",28,5,2015,,,214.58,10,192-2,N,,11680,,도곡동
,상지리츠빌카일룸3차,2009,,,,"380,000",29,5,2015,,,196.42,10,129-16,N,,11680,,청담동
,개포주공5단지,1983,,,,"89,000",30,5,2015,,,74.25,9,187,N,,11680,,개포동
,진흥아파트,1984,,,,"178,000",11,5,2015,,,180.67,5,65,N,,11680,,청담동
,선경1차(1동-7동),1983,,,,"175,000",29,5,2015,,,136.68,14,506,N,,11680,,대치동
,럭키(963),1995,,,,"108,000",29,5,2015,,,124.66,8,963,N,,11680,,도곡동
,신현대11차,1983,,,,"218,000",22,5,2015,,,171.43,1,433,N,,11680,,압구정동
,미성2차,1987,,,,"104,400",7,5,2015,,,74.4,4,397,N,,11680,,압구정동
,한보미도맨션1,1983,,,,"119,000",21,5,2015,,,84.48,7,511,N,,11680,,대치동
,은마,1979,,,,"89,500",25,5,2015,,,76.79,2,316,N,,11680,,대치동
,"현대6차(78~81,83,84,86,87동)",1978,,,,"197,500",12,6,2015,,,144.2,14,456,N,,11680,,압구정동
,역삼래미안,2005,,,,"103,000",22,6,2015,,,80.87,3,757,N,,11680,,역삼동
,삼성래미안,2001,,,,"74,500",25,6,2015,,,59.96,6,91-5,N,,11680,,도곡동
,청담건영,1994,,,,"90,000",4,6,2015,,,84.595,16,108,N,,11680,,청담동
,한양1차(영동한양),1977,,,,"109,000",19,6,2015,,,63.87,8,490,N,,11680,,압구정동
,개나리푸르지오,2006,,,,"153,000",11,6,2015,,,133.1686,21,755-1,N,,11680,,역삼동
,"현대7차(73~77,82,85동)",1979,,,,"273,500",22,6,2015,,,196.7,2,456,N,,11680,,압구정동
,개포자이,2004,,,,"136,000",3,6,2015,,,153.8,7,12-2,N,,11680,,개포동
,까치마을,1993,,,,"34,000",25,6,2015,,,34.44,13,746,N,,11680,,수서동
,대치삼성,2000,,,,"115,000",23,6,2015,,,97.35,20,1014-3,N,,11680,,대치동
,삼성동라테라스,2013,,,,"317,308",30,7,2015,,,182.21,5,110-2,N,,11680,,삼성동
,개포자이,2004,,,,"144,000",31,7,2015,,,153.8,14,12-2,N,,11680,,개포동
,대림아크로빌,1999,,,,"125,000",13,7,2015,,,138.657,43,467-6,N,,11680,,도곡동
,성원대치2단지아파트,1992,,,,"57,000",3,7,2015,,,49.86,12,12,N,,11680,,개포동
,현대4,1987,,,,"78,000",24,7,2015,,,84.98,11,614,N,,11680,,일원동
,상지리츠빌카일룸3차,2009,,,,"474,000",2,7,2015,,,254.96,11,129-16,N,,11680,,청담동
,강남데시앙파크,2011,,,,"60,000",18,7,2015,,,84.95,2,525,N,,11680,,세곡동
,동부센트레빌,1998,,,,"59,000",28,7,2015,,,59.82,1,716,N,,11680,,역삼동
,도곡렉슬,2006,,,,"153,000",4,7,2015,,,114.9931,22,527,N,,11680,,도곡동
,강남데시앙파크,2011,,,,"85,000",3,7,2015,,,114.69,10,525,N,,11680,,세곡동
,경일역삼,2002,,,,"57,000",18,8,2015,,,110.49,4,775-14,N,,11680,,역삼동
,동양파라곤,2004,,,,"205,000",8,8,2015,,,180.07,3,245,N,,11680,,논현동
,미성2차,1987,,,,"178,000",23,8,2015,,,140.9,14,397,N,,11680,,압구정동
,우성8,1987,,,,"79,000",29,8,2015,,,78.93,8,179,N,,11680,,개포동
,삼성동힐스테이트 1단지,2008,,,,"113,000",30,8,2015,,,84.236,4,16-2,N,,11680,,삼성동
,청담건영,1994,,,,"80,000",29,8,2015,,,84.595,1,108,N,,11680,,청담동
,로체샤르캐슬,2009,,,,"65,000",29,8,2015,,,106.59,2,114-23,N,,11680,,논현동
,강남신동아파밀리에1단지,2011,,,,"53,700",31,8,2015,,,59.97,10,508,N,,11680,,세곡동
,삼성,1994,,,,"67,500",19,8,2015,,,54.81,11,161,N,,11680,,도곡동
,한보미도맨션2,1985,,,,"145,000",31,8,2015,,,115.05,10,511,N,,11680,,대치동
,개포우성2,1984,,,,"200,500",24,9,2015,,,127.78,15,500,N,,11680,,대치동
,현대아파트,1988,,,,"72,000",25,9,2015,,,84.92,1,23,N,,11680,,청담동
,동부센트레빌,2005,,,,"204,500",20,9,2015,,,145.83,21,670,N,,11680,,대치동
,개나리4,1979,,,,"115,699",2,9,2015,,,160.33,2,712,N,,11680,,역삼동
,"현대2차(10,11,20,23,24,25동)",1976,,,,"196,500",14,9,2015,,,160.28,1,369-1,N,,11680,,압구정동
,강남신동아파밀리에1단지,2011,,,,"55,000",30,9,2015,,,59.97,4,508,N,,11680,,세곡동
,우성사원5,1986,,,,"78,000",30,9,2015,,,70.89,8,463-1,N,,11680,,도곡동
,대치삼성,2000,,,,"108,000",30,9,2015,,,97.35,1,1014-3,N,,11680,,대치동
,신동아,1997,,,,"98,000",1,9,2015,,,84.94,9,134-16,N,,11680,,청담동
,청담삼익아파트,1980,,,,"214,500",23,9,2015,,,161.75,10,134-15,N,,11680,,청담동
,한양5,1979,,,,"133,000",29,10,2015,,,100.5,7,513,N,,11680,,압구정동
,타워팰리스2,2003,,,,"183,000",29,10,2015,,,144.63,25,467-17,N,,11680,,도곡동
,개포한신,1984,,,,"83,000",8,10,2015,,,107.6,2,615-1,N,,11680,,일원동
,청담자이,2011,,,,"97,700",26,10,2015,,,49.639,29,134-38,N,,11680,,청담동
,아이파크,2004,,,,"400,000",23,10,2015,,,195.388,14,87,N,,11680,,삼성동
,개포주공1단지,1982,,,,"103,000",14,10,2015,,,58.08,4,141,N,,11680,,개포동
,개포우성1,1983,,,,"139,500",26,10,2015,,,84.81,7,503,N,,11680,,대치동
,래미안대치팰리스,2015,,,,"141,929",17,10,2015,,,84.99,9,1027,N,,11680,,대치동
,한양3,1978,,,,"160,000",30,10,2015,,,116.94,4,489,N,,11680,,압구정동
,"청학아파트에이동,비동,씨동",1976,,,,"63,500",12,10,2015,,,85.12,2,62-3,N,,11680,,논현동
,테헤란로대우아이빌(891-6),2004,,,,"52,800",17,11,2015,,,59.83,19,891-6,N,,11680,,대치동
,현대그린1,2006,,,,"75,500",14,11,2015,,,84.93,9,964,N,,11680,,도곡동
,도곡푸르지오102동,2006,,,,"85,000",10,11,2015,,,147.21,2,949-2,N,,11680,,도곡동
,래미안삼성1차(201동),2006,,,,"105,000",9,11,2015,,,84.9,5,102,N,,11680,,삼성동
,동양파라곤,2006,,,,"220,000",30,11,2015,,,171.1005,5,69-18,N,,11680,,청담동
,토미,2004,,,,"58,500",30,11,2015,,,80.83,6,593-32,N,,11680,,신사동
,미성1차,1982,,,,"208,000",30,11,2015,,,180.56,3,414,N,,11680,,압구정동
,삼익대청아파트,1992,,,,"68,000",30,11,2015,,,60,14,12,N,,11680,,개포동
,우성사원5,1986,,,,"87,000",28,11,2015,,,78.99,7,463-1,N,,11680,,도곡동
,경남2차,1984,,,,"159,000",30,11,2015,,,182.2,9,649,N,,11680,,개포동
,대치한신휴플러스,2005,,,,"80,000",31,12,2015,,,84.99,5,907-2,N,,11680,,대치동
,한양1차(영동한양),1977,,,,"89,900",16,12,2015,,,49.98,7,490,N,,11680,,압구정동
,래미안펜타빌,2007,,,,"151,300",26,12,2015,,,136.28,13,713-7,N,,11680,,역삼동
,상아아파트,1981,,,,"86,800",26,12,2015,,,71.93,10,19-4,N,,11680,,삼성동
,개포주공1단지,1982,,,,"85,000",31,12,2015,,,50.38,2,141,N,,11680,,개포동
,동일파크스위트,2007,,,,"124,500",23,12,2015,,,148.75,4,100-14,N,,11680,,삼성동
,한보미도맨션2,1985,,,,"160,000",28,12,2015,,,126.33,10,511,N,,11680,,대치동
,주공2,1982,,,,"114,500",21,12,2015,,,71.65,2,140,N,,11680,,개포동
,강남한양수자인(4단지),2014,,,,"79,000",22,12,2015,,,84.89,7,686,N,,11680,,자곡동
,쌍용,1996,,,,"45,200",31,12,2015,,,59.91,7,103,N,,11680,,논현동
,동양파라곤,2006,,,,"225,000",5,1,2016,,,171.1005,2,69-18,N,,11680,,청담동
,우성7,1987,,,,"90,250",16,1,2016,,,84.06,2,615,N,,11680,,일원동
,수서,1992,,,,"50,000",30,1,2016,,,59.96,14,711,N,,11680,,일원동
,삼성동중앙하이츠빌리지,2004,,,,"89,000",30,1,2016,,,59.92,11,14-1,N,,11680,,삼성동
,강남한양수자인(4단지),2014,,,,"61,500",29,1,2016,,,59.97,8,686,N,,11680,,자곡동
,한일,2001,,,,"63,000",30,1,2016,,,70.05,6,48,N,,11680,,삼성동
,동부센트레빌,2005,,,,"245,500",30,1,2016,,,161.47,23,670,N,,11680,,대치동
,아카데미스위트1,2004,,,,"112,000",30,1,2016,,,128.74,35,467-7,N,,11680,,도곡동
,은마,1979,,,,"112,500",30,1,2016,,,84.43,9,316,N,,11680,,대치동
,강남한양수자인(4단지),2014,,,,"78,500",24,1,2016,,,84.89,7,686,N,,11680,,자곡동
,상지리츠빌카일룸(65-4),2012,,,,"420,000",22,2,2016,,,237.74,8,65-4,N,,11680,,삼성동
,개포주공7단지,1983,,,,"72,000",4,2,2016,,,53.46,13,185,N,,11680,,개포동
,개나리4,1979,,,,"128,900",26,2,2016,,,160.33,6,712,N,,11680,,역삼동
,강남데시앙포레,2014,,,,"86,500",20,2,2016,,,84.96,7,795,N,,11680,,수서동
,성원대치2단지아파트,1992,,,,"49,000",27,2,2016,,,39.53,10,12,N,,11680,,개포동
,미성2차,1987,,,,"163,500",28,2,2016,,,118.63,5,397,N,,11680,,압구정동
,래미안대치팰리스,2015,,,,"141,000",24,2,2016,,,84.97,13,1027,N,,11680,,대치동
,우찬,2004,,,,"63,000",27,2,2016,,,105.06,7,550-20,N,,11680,,신사동
,개포주공4단지,1982,,,,"66,500",25,2,2016,,,35.87,3,189,N,,11680,,개포동
,샘터마을,1994,,,,"104,500",28,2,2016,,,101.97,15,718,N,,11680,,일원동
,래미안청담로이뷰,1992,,,,"155,000",11,3,2016,,,110.2,16,134,N,,11680,,청담동
,타워팰리스3,2004,,,,"280,000",19,3,2016,,,185.622,60,467-29,N,,11680,,도곡동
,래미안강남힐즈,2014,,,,"103,500",31,3,2016,,,91.95,12,611,N,,11680,,자곡동
,개포주공7단지,1983,,,,"79,000",24,3,2016,,,60.76,14,185,N,,11680,,개포동
,래미안대치팰리스,2015,,,,"164,500",31,3,2016,,,94.49,19,1027,N,,11680,,대치동
,경남,2005,,,,"62,000",15,3,2016,,,59.76,6,967,N,,11680,,도곡동
,신현대12차,1982,,,,"260,000",12,3,2016,,,182.95,9,434,N,,11680,,압구정동
,은마,1979,,,,"94,500",30,3,2016,,,76.79,14,316,N,,11680,,대치동
,역삼래미안,2005,,,,"77,400",13,3,2016,,,59.53,2,757,N,,11680,,역삼동
,현대그린1,2006,,,,"73,400",30,3,2016,,,84.93,7,964,N,,11680,,도곡동
,아이파크,2004,,,,"297,500",28,4,2016,,,156.857,38,87,N,,11680,,삼성동
,역삼푸르지오,2006,,,,"84,000",25,4,2016,,,59.8848,22,754-1,N,,11680,,역삼동
,가람,1993,,,,"85,300",26,4,2016,,,75.16,5,735,N,,11680,,일원동
,개포자이,2004,,,,"121,000",26,4,2016,,,134.3,5,12-2,N,,11680,,개포동
,대림,1992,,,,"74,100",28,4,2016,,,84.93,3,960,N,,11680,,도곡동
,RudenHouse,2007,,,,"66,000",3,4,2016,,,84.44,1,524-8,N,,11680,,신사동
,한양7,1981,,,,"144,500",30,4,2016,,,106.22,5,528,N,,11680,,압구정동
,개포우성1,1983,,,,"138,000",29,4,2016,,,84.81,4,503,N,,11680,,대치동
,쌍용플래티넘,2003,,,,"124,000",26,4,2016,,,152.25,14,117,N,,11680,,삼성동
,개포6차우성아파트1동~8동,1987,,,,"85,000",30,4,2016,,,79.97,1,658-1,N,,11680,,개포동
,한양3,1978,,,,"167,000",26,5,2016,,,117.26,4,489,N,,11680,,압구정동
,래미안그레이튼,2009,,,,"160,000",19,5,2016,,,142.06,4,763-16,N,,11680,,역삼동
,신현대12차,1982,,,,"149,000",6,5,2016,,,107.16,8,434,N,,11680,,압구정동
,미성2차,1987,,,,"117,000",27,5,2016,,,74.4,4,397,N,,11680,,압구정동
,청담삼익아파트,1980,,,,"221,000",26,5,2016,,,161.75,7,134-15,N,,11680,,청담동
,아이파크,2004,,,,"270,000",29,5,2016,,,156.857,17,87,N,,11680,,삼성동
,럭키(963),1995,,,,"108,200",17,5,2016,,,124.66,13,963,N,,11680,,도곡동
,상지리츠빌카일룸(65-4),2012,,,,"430,000",20,5,2016,,,237.74,9,65-4,N,,11680,,삼성동
,"현대14차(203,204,205,206동)",1987,,,,"153,000",21,5,2016,,,84.98,12,447,N,,11680,,압구정동
,"쌍용대치아파트1동,2동,3동,5동,6동",1983,,,,"120,000",11,5,2016,,,83.56,2,66,N,,11680,,대치동
,한라비발디,2016,,,,"90,000",23,6,2016,,,84.88,3,972,N,,11680,,도곡동
,도곡렉슬,2006,,,,"169,000",9,6,2016,,,138.3156,15,527,N,,11680,,도곡동
,럭키(963),1995,,,,"82,000",25,6,2016,,,84.97,4,963,N,,11680,,도곡동
,청구아파트,1992,,,,"106,000",20,6,2016,,,84.99,2,78-4,N,,11680,,삼성동
,월드메르디앙101동,2005,,,,"117,000",27,6,2016,,,184.02,6,200-1,N,,11680,,도곡동
,갤러리하우스,2002,,,,"59,700",11,6,2016,,,76.52,5,783-3,N,,11680,,역삼동
,"현대1차(12,13,21,22,31,32,33동)",1976,,,,"228,000",3,6,2016,,,161.19,6,369-1,N,,11680,,압구정동
,래미안대치팰리스,2015,,,,"203,000",23,6,2016,,,114.15,18,1027,N,,11680,,대치동
,선경1차(1동-7동),1983,,,,"180,000",30,6,2016,,,117.7,11,506,N,,11680,,대치동
,대치동우정에쉐르1,2004,,,,"49,000",17,6,2016,,,59.96,10,891-28,N,,11680,,대치동
,한라비발디,2016,,,,"95,000",1,7,2016,,,84.9569,5,972,N,,11680,,도곡동
,탑팰리스,2004,,,,"52,750",20,7,2016,,,84.97,3,723-21,N,,11680,,역삼동
,삼성래미안,2001,,,,"140,375",18,7,2016,,,122.81,10,91-5,N,,11680,,도곡동
,한보미도맨션1,1983,,,,"139,000",26,7,2016,,,84.48,6,511,N,,11680,,대치동
,풍림아이원2차201동,2003,,,,"89,600",13,7,2016,,,156.21,1,910-7,N,,11680,,대치동
,래미안도곡카운티,2016,,,,"103,500",25,7,2016,,,71.85,12,538-3,N,,11680,,도곡동
,강남데시앙포레,2014,,,,"95,000",9,7,2016,,,84.81,3,795,N,,11680,,수서동
,현대13차(208~211동),1983,,,,"185,000",31,7,2016,,,108.47,7,448,N,,11680,,압구정동
,대치아이파크,2008,,,,"188,000",30,7,2016,,,149.78,25,888,N,,11680,,대치동
,아이파크,2004,,,,"265,000",29,7,2016,,,145.046,14,87,N,,11680,,삼성동
,가람,1993,,,,"80,000",17,8,2016,,,84.95,1,735,N,,11680,,일원동
,타워팰리스1,2002,,,,"167,000",15,8,2016,,,137.24,8,467,N,,11680,,도곡동
,도곡렉슬,2006,,,,"130,000",3,8,2016,,,84.9984,12,527,N,,11680,,도곡동
,한라비발디,2016,,,,"90,000",19,8,2016,,,84.95,6,972,N,,11680,,도곡동
,대치동우정에쉐르1,2004,,,,"53,000",11,8,2016,,,59.98,8,891-28,N,,11680,,대치동
,개나리푸르지오,2006,,,,"144,500",9,8,2016,,,132.8355,3,755-1,N,,11680,,역삼동
,유로미아파트A동,2004,,,,"90,000",30,8,2016,,,111.62,4,547-7,N,,11680,,신사동
,강남데시앙파크,2011,,,,"83,000",31,8,2016,,,114.69,1,525,N,,11680,,세곡동
,은마,1979,,,,"109,000",3,8,2016,,,76.79,14,316,N,,11680,,대치동
,래미안청담로이뷰,1992,,,,"150,000",29,8,2016,,,110.2,8,134,N,,11680,,청담동
,현대8차(성수현대:91~95동),1980,,,,"220,000",17,9,2016,,,163.67,10,481,N,,11680,,압구정동
,래미안그레이튼(진달래2차),2010,,,,"128,000",30,9,2016,,,105.89,12,762-3,N,,11680,,역삼동
,타워팰리스1,2002,,,,"225,000",2,9,2016,,,164.97,27,467,N,,11680,,도곡동
,삼익,1992,,,,"62,800",3,9,2016,,,49.2,4,708,N,,11680,,수서동
,현대아파트1동~3동,1994,,,,"77,000",23,9,2016,,,84.96,2,961,N,,11680,,도곡동
,도곡스타클래스,2007,,,,"79,500",8,9,2016,,,111.38,18,957-11,N,,11680,,도곡동
,성원대치2단지아파트,1992,,,,"35,000",30,9,2016,,,33.18,9,12,N,,11680,,개포동
,역삼I'PARK,2006,,,,"142,500",29,9,2016,,,116.285,5,713-11,N,,11680,,역삼동
,래미안신사,2008,,,,"100,000",27,9,2016,,,84.89,11,506-9,N,,11680,,신사동
,"대치우성아파트1동,2동,3동,5동,6동,7동",1984,,,,"125,000",6,9,2016,,,84.69,14,63,N,,11680,,대치동
,래미안도곡카운티,2016,,,,"140,000",18,10,2016,,,106.39,4,538-3,N,,11680,,도곡동
,e-편한세상,2005,,,,"90,000",31,10,2016,,,59.606,19,755-4,N,,11680,,역삼동
,타워팰리스3,2004,,,,"190,000",21,10,2016,,,141.706,62,467-29,N,,11680,,도곡동
,LG선릉에클라트(B),2004,,,,"30,000",10,10,2016,,,36.47,11,142-3,N,,11680,,삼성동
,포스코더샵,2004,,,,"154,000",17,10,2016,,,164.88,2,902,N,,11680,,대치동
,도곡쌍용예가,1978,,,,"98,800",20,10,2016,,,107.53,10,933,N,,11680,,도곡동
,역삼동월드메르디앙,2005,,,,"76,000",14,10,2016,,,81.76,5,795-41,N,,11680,,역삼동
,강남데시앙포레,2014,,,,"78,000",28,10,2016,,,59.81,3,795,N,,11680,,수서동
,한보미도맨션2,1985,,,,"146,000",4,10,2016,,,84.96,8,511,N,,11680,,대치동
,래미안대치팰리스,2015,,,,"240,000",31,10,2016,,,151.27,8,1027,N,,11680,,대치동
,타워팰리스2,2003,,,,"183,500",30,11,2016,,,162.6,16,467-17,N,,11680,,도곡동
,역삼2차아이파크,2008,,,,"86,000",10,11,2016,,,59.368,10,765-32,N,,11680,,역삼동
,삼성,1994,,,,"99,000",26,11,2016,,,73.41,9,161,N,,11680,,도곡동
,한보미도맨션1,1983,,,,"174,000",25,11,2016,,,128.01,4,511,N,,11680,,대치동
,삼성청담공원아파트,1999,,,,"102,000",23,11,2016,,,84.96,12,60,N,,11680,,청담동
,세방하이빌1,2003,,,,"62,000",30,11,2016,,,59.77,5,771-4,N,,11680,,역삼동
,LG선릉에클라트(B),2004,,,,"34,000",30,11,2016,,,36.35,11,142-3,N,,11680,,삼성동
,한보미도맨션2,1985,,,,"280,000",30,11,2016,,,190.47,14,511,N,,11680,,대치동
,롯데캐슬리베,2008,,,,"145,000",26,11,2016,,,121.0894,15,1025,N,,11680,,대치동
,역삼이안애에이,2004,,,,"52,300",25,11,2016,,,84.28,1,777-2,N,,11680,,역삼동
,역삼자이,2016,,,,"137,550",2,12,2016,,,114.019,2,711-3,N,,11680,,역삼동
,강남브리즈힐(토지임대부아파트),2014,,,,"69,500",18,12,2016,,,84.98,12,618,Y,,11680,,자곡동
,개포주공7단지,1983,,,,"105,000",30,12,2016,,,73.26,15,185,N,,11680,,개포동
,개포2차현대아파트(220),1988,,,,"80,000",27,12,2016,,,77.75,5,655-2,N,,11680,,개포동
,강남브리즈힐(토지임대부아파트),2014,,,,"56,000",28,12,2016,,,74.04,4,618,Y,,11680,,자곡동
,대치아이파크,2008,,,,"165,800",31,12,2016,,,114.97,19,888,N,,11680,,대치동
,삼익,1992,,,,"74,000",28,12,2016,,,60,9,708,N,,11680,,수서동
,청담대림이-편한세상,2002,,,,"122,000",21,12,2016,,,113.57,7,30-33,N,,11680,,청담동
,타워팰리스3,2004,,,,"198,000",28,12,2016,,,163.567,27,467-29,N,,11680,,도곡동
,e-편한세상,2005,,,,"117,500",21,12,2016,,,84.991,3,755-4,N,,11680,,역삼동
,동부센트레빌,2005,,,,"220,000",10,1,2017,,,145.83,27,670,N,,11680,,대치동
,역삼I'PARK,2006,,,,"46,000",20,1,2017,,,28.246,10,713-11,N,,11680,,역삼동
,래미안그레이튼(진달래2차),2010,,,,"114,000",31,1,2017,,,84.81,14,762-3,N,,11680,,역삼동
,우성7,1987,,,,"90,000",25,1,2017,,,68.39,4,615,N,,11680,,일원동
,선경1차(1동-7동),1983,,,,"210,000",30,1,2017,,,136.68,2,506,N,,11680,,대치동
,푸른솔아파트1동,1996,,,,"88,700",27,1,2017,,,84.9,8,4-3,N,,11680,,삼성동
,강남브리즈힐(토지임대부아파트),2014,,,,"57,000",25,1,2017,,,74.04,9,618,Y,,11680,,자곡동
,상록수,1993,,,,"94,500",25,1,2017,,,74.54,3,734,N,,11680,,일원동
,쌍용,1995,,,,"97,000",26,1,2017,,,166.54,3,655-3,N,,11680,,개포동
,한화진넥스빌,2001,,,,"26,750",14,1,2017,,,42.52,13,706-20,N,,11680,,역삼동
,아카데미스위트1,2004,,,,"108,500",15,2,2017,,,122.07,4,467-7,N,,11680,,도곡동
,은마,1979,,,,"135,000",25,2,2017,,,84.43,13,316,N,,11680,,대치동
,도곡1차아이파크,2007,,,,"100,000",25,2,2017,,,84.122,8,543-7,N,,11680,,도곡동
,청담삼익아파트,1980,,,,"155,000",17,2,2017,,,109.49,11,134-15,N,,11680,,청담동
,거평프리젠,1996,,,,"24,500",27,2,2017,,,30.215,1,196,N,,11680,,논현동
,씨티2차(201동),1992,,,,"92,000",28,2,2017,,,84.33,1,104-19,N,,11680,,청담동
,강남 더샵 포레스트,2016,,,,"210,000",28,2,2017,,,165.4312,10,799,N,,11680,,수서동
,개포주공1단지,1982,,,,"140,000",28,2,2017,,,56.57,1,141,N,,11680,,개포동
,강남엘에이치1단지,2013,,,,"73,800",28,2,2017,,,84.84,1,579,N,,11680,,세곡동
,우성4,1985,,,,"188,500",20,2,2017,,,152.74,3,465,N,,11680,,도곡동
,삼성동브라운스톤레전드,2009,,,,"200,000",13,3,2017,,,201.65,7,8-2,N,,11680,,삼성동
,롯데캐슬프레미어,2007,,,,"166,000",28,3,2017,,,121.931,19,11,N,,11680,,삼성동
,상지리츠빌카일룸(1009-4),2011,,,,"330,000",29,3,2017,,,178.17,4,1009-4,N,,11680,,대치동
,삼성래미안,2001,,,,"144,500",31,3,2017,,,122.81,13,91-5,N,,11680,,도곡동
,청담대우멤버스카운티9차,2004,,,,"108,000",16,3,2017,,,123.8,3,110-7,N,,11680,,청담동
,래미안그레이튼,2009,,,,"175,000",23,3,2017,,,142.06,11,763-16,N,,11680,,역삼동
,한양1차(영동한양),1977,,,,"110,000",8,3,2017,,,49.98,2,490,N,,11680,,압구정동
,뉴현대,2004,,,,"65,000",20,3,2017,,,75.56,6,550-5,N,,11680,,신사동
,삼성아셈,2006,,,,"103,000",25,3,2017,,,134.02,3,150-5,N,,11680,,삼성동
,삼익대청아파트,1992,,,,"66,000",4,3,2017,,,51.12,1,12,N,,11680,,개포동
,청담삼익아파트,1980,,,,"132,500",26,4,2017,,,109.49,2,134-15,N,,11680,,청담동
,신동아,1992,,,,"61,000",18,4,2017,,,39.53,13,736,N,,11680,,수서동
,현대힐스테이트2단지,2008,,,,"142,000",24,4,2017,,,84.236,17,50,N,,11680,,삼성동
,매봉삼성,1999,,,,"85,000",25,4,2017,,,84.95,7,966,N,,11680,,도곡동
,강남한양수자인(4단지),2014,,,,"100,400",25,4,2017,,,114.46,6,686,N,,11680,,자곡동
,강남한양수자인(4단지),2014,,,,"88,500",29,4,2017,,,84.99,2,686,N,,11680,,자곡동
,개포주공4단지,1982,,,,"95,000",29,4,2017,,,41.99,1,189,N,,11680,,개포동
,"현대7차(73~77,82,85동)",1979,,,,"258,000",29,4,2017,,,144.2,5,456,N,,11680,,압구정동
,현대넥서스B동,2000,,,,"111,500",24,4,2017,,,196.49,1,261-7,N,,11680,,논현동
,개포주공6단지,1983,,,,"122,300",18,4,2017,,,83.21,8,185,N,,11680,,개포동
,월드메르디앙101동,2005,,,,"133,000",16,5,2017,,,189.39,3,200-1,N,,11680,,도곡동
,대치SKVIEW,2017,,,,"170,000",15,5,2017,,,93.4,3,1029,N,,11680,,대치동
,경남아너스빌,2002,,,,"73,000",27,5,2017,,,84.688,9,722,N,,11680,,역삼동
,경남1,1984,,,,"159,000",24,5,2017,,,123.28,4,649,N,,11680,,개포동
,도곡쌍용예가,1978,,,,"109,700",22,5,2017,,,108.4,9,933,N,,11680,,도곡동
,우성7,1987,,,,"116,000",30,5,2017,,,84.06,3,615,N,,11680,,일원동
,강남엘에이치1단지,2013,,,,"69,000",20,5,2017,,,59.89,6,579,N,,11680,,세곡동
,강남신동아파밀리에2단지,2011,,,,"73,000",19,5,2017,,,84.98,5,511,N,,11680,,세곡동
,청담2차이-편한세상(205동),2006,,,,"97,000",17,5,2017,,,84.77,8,15-21,N,,11680,,청담동
,도곡쌍용예가,1978,,,,"107,500",12,5,2017,,,107.53,9,933,N,,11680,,도곡동
,선경1차(1동-7동),1983,,,,"162,500",25,6,2017,,,84.35,10,506,N,,11680,,대치동
,타워팰리스2,2003,,,,"348,500",27,6,2017,,,223.59,22,467-17,N,,11680,,도곡동
,개포우성2,1984,,,,"237,500",27,6,2017,,,127.78,14,500,N,,11680,,대치동
,삼성동신도브래뉴,2010,,,,"84,700",27,6,2017,,,124.449,5,121-38,N,,11680,,삼성동
,세방하이빌1,2003,,,,"65,000",29,6,2017,,,59.77,4,771-4,N,,11680,,역삼동
,역삼푸르지오,2006,,,,"95,000",6,6,2017,,,59.8848,3,754-1,N,,11680,,역삼동
,시영,1984,,,,"114,000",10,6,2017,,,57.42,3,656,N,,11680,,개포동
,강남엘에이치1단지,2013,,,,"69,500",3,6,2017,,,59.89,5,579,N,,11680,,세곡동
,"현대6차(78~81,83,84,86,87동)",1978,,,,"265,000",5,6,2017,,,144.7,7,456,N,,11680,,압구정동
,청담아이파크,1992,,,,"147,500",12,6,2017,,,110.18,14,130,N,,11680,,청담동
,청담현대3차아파트,1999,,,,"115,000",10,7,2017,,,85,13,127-31,N,,11680,,청담동
,개포우성1,1983,,,,"175,000",23,7,2017,,,84.81,2,503,N,,11680,,대치동
,논현한가람빌라트,2002,,,,"76,800",7,7,2017,,,84.95,4,105-3,N,,11680,,논현동
,강남데시앙파크,2011,,,,"81,700",31,7,2017,,,84.95,8,525,N,,11680,,세곡동
,래미안그레이튼,2009,,,,"175,000",11,7,2017,,,142.06,7,763-16,N,,11680,,역삼동
,개포우성1,1983,,,,"176,000",27,7,2017,,,84.81,1,503,N,,11680,,대치동
,한보미도맨션1,1983,,,,"213,000",19,7,2017,,,128.01,4,511,N,,11680,,대치동
,개포6차우성아파트1동~8동,1987,,,,"117,500",23,7,2017,,,79.97,3,658-1,N,,11680,,개포동
,개포우성3차,1984,,,,"120,000",12,7,2017,,,104.43,8,652,N,,11680,,개포동
,홍실아파트,1981,,,,"189,000",30,7,2017,,,108.06,11,79,N,,11680,,삼성동
,강남한양수자인(4단지),2014,,,,"89,500",31,8,2017,,,114.46,1,686,N,,11680,,자곡동
,한라비발디,2016,,,,"113,000",17,8,2017,,,84.9569,19,972,N,,11680,,도곡동
,논현파라곤,2007,,,,"90,000",28,8,2017,,,84.4,9,241-1,N,,11680,,논현동
,신현대12차,1982,,,,"210,000",29,8,2017,,,108.31,7,434,N,,11680,,압구정동
,현대비젼21,1999,,,,"31,000",28,8,2017,,,35.48,20,467-19,N,,11680,,도곡동
,롯데캐슬프레미어,2007,,,,"180,000",31,8,2017,,,121.931,19,11,N,,11680,,삼성동
,청담아이파크,1992,,,,"140,000",7,8,2017,,,110.18,5,130,N,,11680,,청담동
,삼성래미안,2001,,,,"159,000",25,8,2017,,,122.81,22,91-5,N,,11680,,도곡동
,삼성,1997,,,,"98,000",30,8,2017,,,84.97,13,747,N,,11680,,수서동
,역삼우정에쉐르2,2004,,,,"48,500",26,8,2017,,,47.02,7,707-18,N,,11680,,역삼동
,청림빌,2004,,,,"61,000",23,9,2017,,,84.93,1,555-11,N,,11680,,신사동
,수서한아름,1993,,,,"108,500",18,9,2017,,,129.45,8,712,N,,11680,,수서동
,도곡렉슬,2006,,,,"105,000",26,9,2017,,,59.9937,20,527,N,,11680,,도곡동
,푸른마을아파트101동~111동,1994,,,,"74,000",23,9,2017,,,59.76,1,719,N,,11680,,일원동
,개포주공5단지,1983,,,,"145,000",28,9,2017,,,83.17,8,187,N,,11680,,개포동
,"현대14차(203,204,205,206동)",1987,,,,"188,000",22,9,2017,,,84.94,6,447,N,,11680,,압구정동
,개나리래미안,2006,,,,"158,500",26,9,2017,,,129.8,6,754,N,,11680,,역삼동
,우성4,1985,,,,"212,500",13,9,2017,,,152.74,4,465,N,,11680,,도곡동
,래미안대치팰리스,2015,,,,"182,000",21,9,2017,,,91.93,11,1027,N,,11680,,대치동
,조이너스도곡,2008,,,,"78,000",25,9,2017,,,84.98,2,950-19,N,,11680,,도곡동
,압구정대원칸타빌아파트,2001,,,,"100,000",15,10,2017,,,97.08,4,659,N,,11680,,신사동
,풍림(1차),1998,,,,"106,000",30,10,2017,,,59.7,2,106,N,,11680,,삼성동
,한양1차(영동한양),1977,,,,"124,000",16,10,2017,,,49.98,8,490,N,,11680,,압구정동
,래미안펜타빌,2007,,,,"163,000",24,10,2017,,,138.54,19,713-7,N,,11680,,역삼동
,신현대9차,1982,,,,"190,000",19,10,2017,,,109.24,1,426,N,,11680,,압구정동
,개포우성1,1983,,,,"231,000",15,10,2017,,,127.61,4,503,N,,11680,,대치동
,개포현대200동,1986,,,,"110,000",31,10,2017,,,82.2,8,655-1,N,,11680,,개포동
,도곡그린빌,1995,,,,"35,800",30,10,2017,,,48.48,5,955,N,,11680,,도곡동
,e-편한세상,2005,,,,"137,000",25,10,2017,,,84.991,3,755-4,N,,11680,,역삼동
,도곡렉슬,2006,,,,"222,000",30,10,2017,,,134.9023,14,527,N,,11680,,도곡동
,한양8(81동한개동),1984,,,,"384,000",6,11,2017,,,210.1,5,510,N,,11680,,압구정동
,래미안강남힐즈,2014,,,,"127,000",18,11,2017,,,101.94,10,611,N,,11680,,자곡동
,래미안그레이튼(진달래2차),2010,,,,"141,000",28,11,2017,,,84.81,15,762-3,N,,11680,,역삼동
,선경3차,1990,,,,"126,400",20,11,2017,,,76.6,9,602,N,,11680,,대치동
,롯데캐슬노블,2007,,,,"140,000",25,11,2017,,,176.03,7,835-68,N,,11680,,역삼동
,현대1차101동~106동,1984,,,,"187,000",30,11,2017,,,177.19,9,653,N,,11680,,개포동
,강남데시앙포레,2014,,,,"108,000",8,11,2017,,,84.92,5,795,N,,11680,,수서동
,신현대11차,1983,,,,"317,000",16,11,2017,,,171.43,12,433,N,,11680,,압구정동
,한보미도맨션1,1983,,,,"233,000",22,11,2017,,,128.01,11,511,N,,11680,,대치동
,도곡렉슬,2006,,,,"125,000",10,11,2017,,,59.9818,18,527,N,,11680,,도곡동
,미켈란147,2004,,,,"121,300",1,12,2017,,,83.69,9,147-2,N,,11680,,삼성동
,역삼I'PARK,2006,,,,"185,000",27,12,2017,,,144.011,18,713-11,N,,11680,,역삼동
,타워팰리스1,2002,,,,"243,000",7,12,2017,,,174.67,21,467,N,,11680,,도곡동
,한신오페라하우스,2003,,,,"131,000",30,12,2017,,,117.19,2,35-47,N,,11680,,청담동
,한양8(81동한개동),1984,,,,"383,000",21,12,2017,,,200.99,1,510,N,,11680,,압구정동
,타워팰리스1,2002,,,,"199,000",14,12,2017,,,164.97,19,467,N,,11680,,도곡동
,동부센트레빌,2005,,,,"238,000",16,12,2017,,,145.83,2,670,N,,11680,,대치동
,한양1차(영동한양),1977,,,,"190,000",12,12,2017,,,78.05,5,490,N,,11680,,압구정동
,삼성래미안,2001,,,,"145,000",30,12,2017,,,89.88,13,91-5,N,,11680,,도곡동
,도곡렉슬,2006,,,,"180,000",12,12,2017,,,120.8233,21,527,N,,11680,,도곡동
,래미안강남힐즈,2014,,,,"110,000",10,1,2018,,,91.96,15,611,N,,11680,,자곡동
,롯데캐슬프레미어,2007,,,,"245,000",6,1,2018,,,213.435,7,11,N,,11680,,삼성동
,성원대치2단지아파트,1992,,,,"95,000",19,1,2018,,,49.86,4,12,N,,11680,,개포동
,미켈란107,2003,,,,"130,000",19,1,2018,,,83,11,107,N,,11680,,삼성동
,영풍마드레빌,2003,,,,"110,000",5,1,2018,,,84.82,2,36,N,,11680,,청담동
,타워팰리스1,2002,,,,"286,000",31,1,2018,,,174.67,14,467,N,,11680,,도곡동
,삼성동중앙하이츠빌리지,2004,,,,"143,000",29,1,2018,,,84.55,14,14-1,N,,11680,,삼성동
,롯데캐슬노블,2007,,,,"141,000",26,1,2018,,,154.26,11,835-68,N,,11680,,역삼동
,한양1차(영동한양),1977,,,,"210,000",31,1,2018,,,78.05,8,490,N,,11680,,압구정동
,삼성래미안,2001,,,,"122,000",25,1,2018,,,59.96,21,91-5,N,,11680,,도곡동
,경남,2005,,,,"110,000",10,2,2018,,,59.76,7,967,N,,11680,,도곡동
,삼성동헤렌하우스2(82-1),2010,,,,"316,500",19,2,2018,,,244.62,3,82-1,N,,11680,,삼성동
,청담대우로얄카운티6차,2005,,,,"248,000",27,2,2018,,,166.63,1,101-1,N,,11680,,청담동
,경남2차,1984,,,,"210,000",27,2,2018,,,149.21,6,649,N,,11680,,개포동
,개포주공5단지,1983,,,,"140,000",4,2,2018,,,74.25,3,187,N,,11680,,개포동
,한보미도맨션1,1983,,,,"225,000",26,2,2018,,,128.01,1,511,N,,11680,,대치동
,타워팰리스1,2002,,,,"188,000",28,2,2018,,,121.42,42,467,N,,11680,,도곡동
,타워팰리스1,2002,,,,"260,000",27,2,2018,,,164.97,53,467,N,,11680,,도곡동
,타워팰리스3,2004,,,,"210,000",22,2,2018,,,163.567,33,467-29,N,,11680,,도곡동
,포스코더샵,2004,,,,"199,000",24,2,2018,,,164.88,17,902,N,,11680,,대치동
,한보미도맨션1,1983,,,,"245,500",31,3,2018,,,128.01,14,511,N,,11680,,대치동
,현대8차(성수현대:91~95동),1980,,,,"305,000",31,3,2018,,,163.67,6,481,N,,11680,,압구정동
,우성,2004,,,,"74,000",25,3,2018,,,110.1,5,180-6,N,,11680,,논현동
,미성2차,1987,,,,"173,000",31,3,2018,,,74.4,8,397,N,,11680,,압구정동
,푸른마을아파트101동~111동,1994,,,,"98,000",25,3,2018,,,59.76,6,719,N,,11680,,일원동
,대우디오빌플러스,2004,,,,"30,500",24,3,2018,,,34.41,6,824-25,N,,11680,,역삼동
,선경1차(1동-7동),1983,,,,"258,000",24,3,2018,,,117.7,2,506,N,,11680,,대치동
,타워팰리스3,2004,,,,"218,000",27,3,2018,,,141.381,48,467-29,N,,11680,,도곡동
,강남데시앙포레,2014,,,,"109,000",23,3,2018,,,59.81,11,795,N,,11680,,수서동
,힐데스하임빌라,1998,,,,"330,000",31,3,2018,,,244.55,5,193-1,N,,11680,,도곡동
,타워팰리스2,2003,,,,"220,000",15,4,2018,,,162.6,10,467-17,N,,11680,,도곡동
,타워팰리스2,2003,,,,"225,000",4,4,2018,,,144.63,30,467-17,N,,11680,,도곡동
,래미안강남힐즈,2014,,,,"159,000",27,4,2018,,,101.94,14,611,N,,11680,,자곡동
,신동아,1992,,,,"93,000",29,4,2018,,,49.96,5,736,N,,11680,,수서동
,개포주공6단지,1983,,,,"150,000",30,4,2018,,,73.02,3,185,N,,11680,,개포동
,역삼I'PARK,2006,,,,"184,000",27,4,2018,,,116.285,8,713-11,N,,11680,,역삼동
,삼성동중앙하이츠빌리지,2004,,,,"240,000",28,4,2018,,,152.98,17,14-1,N,,11680,,삼성동
,삼성동힐스테이트 1단지,2008,,,,"176,500",28,4,2018,,,84.236,4,16-2,N,,11680,,삼성동
,현대3차(61~64동),1976,,,,"200,500",21,4,2018,,,82.5,11,443,N,,11680,,압구정동
,강남한신휴플러스6단지,2015,,,,"78,000",26,4,2018,,,59.98,8,365,N,,11680,,율현동
,현대13차(208~211동),1983,,,,"249,500",31,5,2018,,,108.47,4,448,N,,11680,,압구정동
,쎄비앙101동,2007,,,,"68,500",30,5,2018,,,116.82,1,778,N,,11680,,역삼동
,현대비젼21,1999,,,,"31,700",30,5,2018,,,33.1,17,467-19,N,,11680,,도곡동
,강남데시앙포레,2014,,,,"135,500",29,5,2018,,,84.86,3,795,N,,11680,,수서동
,한보미도맨션1,1983,,,,"228,500",26,5,2018,,,128.01,1,511,N,,11680,,대치동
,대우멤버스카운티(102동),2004,,,,"158,000",28,5,2018,,,135.57,6,98-9,N,,11680,,삼성동
,개포한신,1984,,,,"119,000",26,5,2018,,,82.3,4,615-1,N,,11680,,일원동
,강남데시앙포레,2014,,,,"134,000",24,5,2018,,,84.96,7,795,N,,11680,,수서동
,"현대2차(10,11,20,23,24,25동)",1976,,,,"429,000",23,5,2018,,,198.41,14,369-1,N,,11680,,압구정동
,래미안포레,2014,,,,"124,500",28,5,2018,,,101.51,8,687,N,,11680,,자곡동
,(828-21),2005,,,,"55,000",9,6,2018,,,58.65,6,828-21,N,,11680,,역삼동
,미성2차,1987,,,,"260,000",30,6,2018,,,140.9,15,397,N,,11680,,압구정동
,대치효성,1999,,,,"118,000",29,6,2018,,,84.91,9,988-4,N,,11680,,대치동
,대치현대,1999,,,,"179,000",28,6,2018,,,114.59,24,974,N,,11680,,대치동
,은마,1979,,,,"169,500",26,6,2018,,,84.43,9,316,N,,11680,,대치동
,신현대11차,1983,,,,"356,000",26,6,2018,,,183.41,4,433,N,,11680,,압구정동
,타워팰리스3,2004,,,,"408,000",26,6,2018,,,244.224,63,467-29,N,,11680,,도곡동
,대림역삼,1997,,,,"112,500",27,6,2018,,,84.96,12,761-10,N,,11680,,역삼동
,압구정케이씨씨(622-1),2004,,,,"137,000",27,6,2018,,,107.75,2,622-1,N,,11680,,신사동
,경남,2005,,,,"146,500",26,6,2018,,,114.96,12,967,N,,11680,,도곡동
,대치동우정에쉐르1,2004,,,,"59,000",23,7,2018,,,59.75,8,891-28,N,,11680,,대치동
,래미안그레이튼,2009,,,,"152,000",21,7,2018,,,70.98,12,763-16,N,,11680,,역삼동
,한양1차(영동한양),1977,,,,"204,000",21,7,2018,,,78.05,4,490,N,,11680,,압구정동
,선경1차(1동-7동),1983,,,,"270,000",26,7,2018,,,136.68,8,506,N,,11680,,대치동
,한양6,1980,,,,"220,000",26,7,2018,,,106.71,9,484,N,,11680,,압구정동
,청담삼익아파트,1980,,,,"264,000",30,7,2018,,,161.75,6,134-15,N,,11680,,청담동
,럭키(462),1986,,,,"124,750",28,7,2018,,,79.89,3,462,N,,11680,,도곡동
,은마,1979,,,,"182,000",28,7,2018,,,84.43,12,316,N,,11680,,대치동
,도곡렉슬,2006,,,,"130,000",31,7,2018,,,59.9772,4,527,N,,11680,,도곡동
,강남데시앙포레,2014,,,,"154,500",28,7,2018,,,101.88,8,795,N,,11680,,수서동
,선경1차(1동-7동),1983,,,,"255,000",7,8,2018,,,117.7,7,506,N,,11680,,대치동
,새롬(1164-13),2000,,,,"49,500",22,8,2018,,,59.96,3,1164-13,N,,11680,,개포동
,삼성동롯데아파트,2000,,,,"123,000",20,8,2018,,,59.4,17,17,N,,11680,,삼성동
,한양5,1979,,,,"230,000",29,8,2018,,,102.35,5,513,N,,11680,,압구정동
,매봉삼성,1999,,,,"119,500",18,8,2018,,,84.95,15,966,N,,11680,,도곡동
,역삼자이,2016,,,,"150,000",23,8,2018,,,59.9977,25,711-3,N,,11680,,역삼동
,도곡쌍용예가,1978,,,,"145,000",28,8,2018,,,107.53,7,933,N,,11680,,도곡동
,래미안도곡카운티,2016,,,,"226,000",29,8,2018,,,106.39,2,538-3,N,,11680,,도곡동
,삼성동센트럴아이파크,2018,,,,"178,000",31,8,2018,,,84.99,1,188,N,,11680,,삼성동
,롯데캐슬프레미어,2007,,,,"258,000",31,8,2018,,,176.613,5,11,N,,11680,,삼성동
,도곡우성아파트,1986,,,,"130,000",9,9,2018,,,76.38,13,934-10,N,,11680,,도곡동
,세곡푸르지오,2012,,,,"114,500",6,9,2018,,,84.84,5,533,N,,11680,,세곡동
,삼익,1992,,,,"130,000",14,9,2018,,,84.48,11,708,N,,11680,,수서동
,현대3차(61~64동),1976,,,,"235,000",1,9,2018,,,82.5,11,443,N,,11680,,압구정동
,은마,1979,,,,"194,500",6,9,2018,,,84.43,1,316,N,,11680,,대치동
,포스코더샵,2004,,,,"228,000",11,9,2018,,,164.88,21,902,N,,11680,,대치동
,삼성청담아파트,1999,,,,"124,000",8,9,2018,,,59.99,15,42,N,,11680,,청담동
,도곡지웰카운티102동,2010,,,,"153,500",29,9,2018,,,110.68,7,199-1,N,,11680,,도곡동
,우성캐릭터199,1998,,,,"140,000",29,9,2018,,,132.94,7,467-24,N,,11680,,도곡동
,동부센트레빌,2005,,,,"310,000",10,9,2018,,,161.47,9,670,N,,11680,,대치동
,현대아파트3,1986,,,,"230,000",17,10,2018,,,163.85,1,177,N,,11680,,개포동
,강남한신휴플러스8단지,2015,,,,"124,500",27,10,2018,,,114.91,1,513,N,,11680,,율현동
,강남한신휴플러스6단지,2015,,,,"87,000",20,10,2018,,,59.98,1,365,N,,11680,,율현동
,동원스위트뷰역삼,2017,,,,"82,500",22,10,2018,,,108.45,1,745-13,N,,11680,,역삼동
,하야트빌,2005,,,,"65,000",22,10,2018,,,67.22,3,551-5,N,,11680,,신사동
,은마,1979,,,,"175,500",29,10,2018,,,76.79,7,316,N,,11680,,대치동
,은마,1979,,,,"187,500",16,10,2018,,,84.43,4,316,N,,11680,,대치동
,한보미도맨션2,1985,,,,"250,000",27,10,2018,,,126.33,10,511,N,,11680,,대치동
,럭키(963),1995,,,,"175,000",24,10,2018,,,124.1,6,963,N,,11680,,도곡동
,대림아크로빌,1999,,,,"178,000",22,10,2018,,,172.464,4,467-6,N,,11680,,도곡동
,래미안대치팰리스,2015,,,,"266,000",17,11,2018,,,94.5,4,1027,N,,11680,,대치동
,삼성동중앙하이츠빌리지,2004,,,,"228,000",19,11,2018,,,152.98,1,14-1,N,,11680,,삼성동
,삼성동한솔아파트,1998,,,,"130,000",18,11,2018,,,85,16,4-6,N,,11680,,삼성동
,개포주공6단지,1983,,,,"160,000",27,11,2018,,,73.02,3,185,N,,11680,,개포동
,리갈팰리스,2007,,,,"184,000",29,11,2018,,,241.4,7,626,N,,11680,,신사동
,한일,2001,,,,"133,000",24,11,2018,,,80.29,6,48,N,,11680,,삼성동
,개포주공7단지,1983,,,,"162,000",15,11,2018,,,73.26,11,185,N,,11680,,개포동
,쌍용,1996,,,,"75,000",24,11,2018,,,59.91,2,103,N,,11680,,논현동
,삼성동중앙하이츠빌리지,2004,,,,"225,000",18,11,2018,,,152.98,1,14-1,N,,11680,,삼성동
,가람,1993,,,,"160,400",15,11,2018,,,84.95,4,735,N,,11680,,일원동
,청담동삼성1차(101동),1997,,,,"135,000",29,12,2018,,,84.3,4,33,N,,11680,,청담동
,개포주공7단지,1983,,,,"132,000",31,12,2018,,,73.26,11,185,N,,11680,,개포동
,한화진넥스빌,2001,,,,"29,500",24,12,2018,,,34.82,11,706-20,N,,11680,,역삼동
,새롬(1164-14),2000,,,,"25,500",20,12,2018,,,40.35,2,1164-14,N,,11680,,개포동
,한보미도맨션2,1985,,,,"238,000",27,12,2018,,,126.33,9,511,N,,11680,,대치동
,강남한양수자인(4단지),2014,,,,"114,000",29,12,2018,,,84.89,1,686,N,,11680,,자곡동
,"현대7차(73~77,82,85동)",1979,,,,"304,000",17,12,2018,,,144.2,10,456,N,,11680,,압구정동
,청담대림이-편한세상,2002,,,,"177,000",13,12,2018,,,134.24,2,30-33,N,,11680,,청담동
,파크힐,2005,,,,"63,000",12,12,2018,,,58.05,3,550-1,N,,11680,,도곡동
,롯데캐슬프레미어,2007,,,,"200,000",20,12,2018,,,121.931,14,11,N,,11680,,삼성동
,신사아크존2,2005,,,,"80,000",30,1,2019,,,135.72,4,606-2,N,,11680,,신사동
,타워팰리스1,2002,,,,"230,000",28,1,2019,,,164.97,50,467,N,,11680,,도곡동
,경남2차,1984,,,,"229,500",26,1,2019,,,182.2,6,649,N,,11680,,개포동
,샘터마을,1994,,,,"150,000",22,1,2019,,,101.97,5,718,N,,11680,,일원동
,은마,1979,,,,"151,200",31,1,2019,,,76.79,4,316,N,,11680,,대치동
,삼성,1994,,,,"108,000",14,1,2019,,,54.81,10,161,N,,11680,,도곡동
,현대8차(성수현대:91~95동),1980,,,,"285,000",19,1,2019,,,163.67,5,481,N,,11680,,압구정동
,도곡렉슬,2006,,,,"187,500",25,1,2019,,,84.9984,10,527,N,,11680,,도곡동
,"현대7차(73~77,82,85동)",1979,,,,"395,000",15,1,2019,,,196.7,5,456,N,,11680,,압구정동
,성원대치2단지아파트,1992,,,,"87,500",26,1,2019,,,39.53,15,12,N,,11680,,개포동
,이산,2011,,,,"39,000",28,2,2019,,,64.23,1,194-22,N,,11680,,논현동
,신동아,1992,,,,"80,000",23,2,2019,,,39.51,15,736,N,,11680,,수서동
,대림아크로빌,1999,,,,"143,000",27,2,2019,,,146.754,10,467-6,N,,11680,,도곡동
,현대그린1,2006,,,,"115,500",16,2,2019,,,84.93,11,964,N,,11680,,도곡동
,"현대10차(201,202동)",1982,,,,"218,500",18,2,2019,,,108.15,12,436,N,,11680,,압구정동
,현대8차(성수현대:91~95동),1980,,,,"204,500",16,2,2019,,,111.5,4,481,N,,11680,,압구정동
,개포주공5단지,1983,,,,"134,500",23,2,2019,,,61.19,7,187,N,,11680,,개포동
,현대4차저층(51~56동),1977,,,,"309,800",7,2,2019,,,117.91,3,462,N,,11680,,압구정동
,쌍용,1996,,,,"80,000",22,2,2019,,,59.91,10,103,N,,11680,,논현동
,신현대11차,1983,,,,"344,000",12,2,2019,,,183.41,3,433,N,,11680,,압구정동
,래미안블레스티지,2019,,,,"230,000",23,3,2019,,,99.991,32,1280,N,,11680,,개포동
,타워팰리스1,2002,,,,"195,000",15,3,2019,,,120.78,36,467,N,,11680,,도곡동
,개포주공5단지,1983,,,,"158,000",27,3,2019,,,74.25,9,187,N,,11680,,개포동
,신동아(22),1997,,,,"70,500",28,3,2019,,,35.73,2,22,N,,11680,,논현동
,럭키(462),1986,,,,"124,700",25,3,2019,,,79.89,7,462,N,,11680,,도곡동
,성원대치2단지아파트,1992,,,,"80,000",27,3,2019,,,39.53,3,12,N,,11680,,개포동
,청담린든그로브,2017,,,,"195,000",27,3,2019,,,84.9979,1,67-1,N,,11680,,청담동
,샘터마을,1994,,,,"140,000",27,3,2019,,,101.97,4,718,N,,11680,,일원동
,래미안블레스티지,2019,,,,"245,000",19,3,2019,,,113.96,16,1280,N,,11680,,개포동
,신현대12차,1982,,,,"220,000",26,3,2019,,,110.82,4,434,N,,11680,,압구정동
,아이파크,2004,,,,"399,000",25,4,2019,,,195.388,6,87,N,,11680,,삼성동
,아크로힐스논현,2014,,,,"158,000",16,4,2019,,,84.074,10,276-1,N,,11680,,논현동
,논현동월드메르디앙,2007,,,,"103,000",24,4,2019,,,84.9914,11,212-13,N,,11680,,논현동
,미성1차,1982,,,,"304,000",30,4,2019,,,180.56,5,414,N,,11680,,압구정동
,개포주공1단지,1982,,,,"198,000",30,4,2019,,,50.64,3,141,N,,11680,,개포동
,신현대12차,1982,,,,"315,000",30,4,2019,,,155.52,9,434,N,,11680,,압구정동
,한양7,1981,,,,"220,000",29,4,2019,,,106.22,9,528,N,,11680,,압구정동
,현대8차(성수현대:91~95동),1980,,,,"207,000",24,4,2019,,,107.64,8,481,N,,11680,,압구정동
,타워팰리스2,2003,,,,"221,000",27,4,2019,,,144.63,23,467-17,N,,11680,,도곡동
,아이파크,2004,,,,"400,000",26,4,2019,,,175.052,21,87,N,,11680,,삼성동
,"현대7차(73~77,82,85동)",1979,,,,"520,000",7,5,2019,,,245.2,10,456,N,,11680,,압구정동
,래미안블레스티지,2019,,,,"185,000",31,5,2019,,,84.943,19,1280,N,,11680,,개포동
,선경2차(8동-12동),1985,,,,"220,000",20,5,2019,,,84.55,7,506,N,,11680,,대치동
,개나리푸르지오,2006,,,,"235,000",26,5,2019,,,132.8355,13,755-1,N,,11680,,역삼동
,한양8(81동한개동),1984,,,,"402,000",3,5,2019,,,210.1,11,510,N,,11680,,압구정동
,은하수,1992,,,,"75,000",23,5,2019,,,69.99,9,759-1,N,,11680,,역삼동
,래미안블레스티지,2019,,,,"134,000",27,5,2019,,,59.888,6,1280,N,,11680,,개포동
,뉴현대리버빌,1996,,,,"145,000",30,5,2019,,,133.12,7,130-10,N,,11680,,청담동
,삼성,1994,,,,"140,000",25,5,2019,,,73.41,9,161,N,,11680,,도곡동
,개포우성2,1984,,,,"272,000",27,5,2019,,,127.78,8,500,N,,11680,,대치동
,삼성2차,1999,,,,"156,000",4,6,2019,,,162.51,3,1014-1,N,,11680,,대치동
,한양3,1978,,,,"240,000",10,6,2019,,,116.94,10,489,N,,11680,,압구정동
,개포우성3차,1984,,,,"157,000",8,6,2019,,,104.43,6,652,N,,11680,,개포동
,"우성9차아파트901동,902동",1991,,,,"182,114",21,6,2019,,,84.9,6,651-1,N,,11680,,개포동
,경남1,1984,,,,"208,000",8,6,2019,,,123.28,10,649,N,,11680,,개포동
,개포주공7단지,1983,,,,"184,000",1,6,2019,,,83.7,7,185,N,,11680,,개포동
,역삼래미안,2005,,,,"180,000",4,6,2019,,,80.87,20,757,N,,11680,,역삼동
,현대3차(61~64동),1976,,,,"210,000",13,6,2019,,,82.5,4,443,N,,11680,,압구정동
,개포주공6단지,1983,,,,"170,000",8,6,2019,,,73.02,5,185,N,,11680,,개포동
,은마,1979,,,,"189,000",25,6,2019,,,84.43,1,316,N,,11680,,대치동
,"현대6차(78~81,83,84,86,87동)",1978,,,,"370,000",24,7,2019,,,157.36,6,456,N,,11680,,압구정동
,타워팰리스2,2003,,,,"230,000",25,7,2019,,,163.28,13,467-17,N,,11680,,도곡동
,타워팰리스1,2002,,,,"229,000",13,7,2019,,,137.24,22,467,N,,11680,,도곡동
,럭키(963),1995,,,,"173,000",11,7,2019,,,124.1,15,963,N,,11680,,도곡동
,강남한양수자인(4단지),2014,,,,"138,000",31,7,2019,,,101.18,8,686,N,,11680,,자곡동
,상록수,1993,,,,"150,000",31,7,2019,,,74.54,2,734,N,,11680,,일원동
,대치아이파크,2008,,,,"242,000",13,7,2019,,,114.97,4,888,N,,11680,,대치동
,은마,1979,,,,"199,000",30,7,2019,,,84.43,12,316,N,,11680,,대치동
,한진로즈힐,2004,,,,"114,000",1,7,2019,,,84.94,7,105-4,N,,11680,,논현동
,동양파라곤,2006,,,,"340,000",30,7,2019,,,197.4675,9,69-18,N,,11680,,청담동
,테헤란아이파크,2014,,,,"203,000",15,8,2019,,,92.6232,4,709-5,N,,11680,,역삼동
,논현동프라임,2004,,,,"99,000",25,8,2019,,,135.3,4,192-3,N,,11680,,논현동
,대치아이파크,2008,,,,"288,000",17,8,2019,,,149.78,16,888,N,,11680,,대치동
,래미안대치팰리스,2015,,,,"368,000",20,8,2019,,,151.31,30,1027,N,,11680,,대치동
,역삼2차아이파크,2008,,,,"177,000",29,8,2019,,,84.891,16,765-32,N,,11680,,역삼동
,대림아크로빌,1999,,,,"159,000",8,8,2019,,,130.545,30,467-6,N,,11680,,도곡동
,서광아파트,1998,,,,"155,000",31,8,2019,,,84.93,16,2,N,,11680,,삼성동
,강남데시앙포레,2014,,,,"113,000",31,8,2019,,,59.81,10,795,N,,11680,,수서동
,개포주공7단지,1983,,,,"148,000",31,8,2019,,,53.46,7,185,N,,11680,,개포동
,삼성동힐스테이트 1단지,2008,,,,"238,000",31,8,2019,,,114.463,11,16-2,N,,11680,,삼성동
,한양1차(영동한양),1977,,,,"225,000",16,9,2019,,,91.21,11,490,N,,11680,,압구정동
,타워팰리스2,2003,,,,"280,000",20,9,2019,,,160.56,5,467-17,N,,11680,,도곡동
,"현대2차(10,11,20,23,24,25동)",1976,,,,"445,000",18,9,2019,,,198.41,7,369-1,N,,11680,,압구정동
,대치아이파크,2008,,,,"280,000",26,9,2019,,,114.97,23,888,N,,11680,,대치동
,개포주공1단지,1982,,,,"280,000",11,9,2019,,,50.38,2,141,N,,11680,,개포동
,개포주공7단지,1983,,,,"162,000",23,9,2019,,,60.76,6,185,N,,11680,,개포동
,한보미도맨션1,1983,,,,"287,000",24,9,2019,,,128.01,11,511,N,,11680,,대치동
,삼성,1997,,,,"128,000",20,9,2019,,,84.97,8,747,N,,11680,,수서동
,한양4,1978,,,,"235,000",25,9,2019,,,101.09,3,486,N,,11680,,압구정동
,대명비발디,2003,,,,"70,000",23,9,2019,,,63.88,6,944-6,N,,11680,,도곡동
,롯데캐슬리베,2008,,,,"243,000",26,10,2019,,,121.0894,6,1025,N,,11680,,대치동
,타워팰리스2,2003,,,,"400,000",19,10,2019,,,223.59,17,467-17,N,,11680,,도곡동
,개포우성3차,1984,,,,"240,000",30,10,2019,,,161,12,652,N,,11680,,개포동
,도곡그린빌,1995,,,,"49,300",24,10,2019,,,48.48,2,955,N,,11680,,도곡동
,"현대6차(78~81,83,84,86,87동)",1978,,,,"342,000",11,10,2019,,,144.2,6,456,N,,11680,,압구정동
,수서한아름,1993,,,,"154,000",28,10,2019,,,97.63,4,712,N,,11680,,수서동
,타워팰리스1,2002,,,,"250,000",28,10,2019,,,164.97,10,467,N,,11680,,도곡동
,도곡렉슬,2006,,,,"322,000",29,10,2019,,,134.9023,7,527,N,,11680,,도곡동
,래미안대치팰리스,2015,,,,"280,000",26,10,2019,,,84.97,19,1027,N,,11680,,대치동
,삼부아파트102동,1998,,,,"170,000",28,10,2019,,,92.09,8,99,N,,11680,,삼성동
,청담동삼성1차(101동),1997,,,,"148,500",29,11,2019,,,84.57,17,33,N,,11680,,청담동
,현대8차(성수현대:91~95동),1980,,,,"240,000",14,11,2019,,,107.64,1,481,N,,11680,,압구정동
,풍림(1차),1998,,,,"141,900",21,11,2019,,,59.7,5,106,N,,11680,,삼성동
,래미안대치팰리스,2015,,,,"275,000",2,11,2019,,,84.97,2,1027,N,,11680,,대치동
,대치현대,1999,,,,"215,000",27,11,2019,,,101.6,18,974,N,,11680,,대치동
,미성2차,1987,,,,"199,000",30,11,2019,,,74.4,1,397,N,,11680,,압구정동
,은마,1979,,,,"204,000",29,11,2019,,,76.79,4,316,N,,11680,,대치동
,강남브리즈힐(토지임대부아파트),2014,,,,"110,000",22,11,2019,,,84.98,12,618,Y,,11680,,자곡동
,삼성래미안,2001,,,,"250,000",27,11,2019,,,122.81,20,91-5,N,,11680,,도곡동
,현대힐스테이트2단지,2008,,,,"210,000",6,11,2019,,,84.236,1,50,N,,11680,,삼성동
,강남브리즈힐(토지임대부아파트),2014,,,,"89,800",16,12,2019,,,74.04,6,618,Y,,11680,,자곡동
,개포주공6단지,1983,,,,"169,000",28,12,2019,,,60.13,11,185,N,,11680,,개포동
,타워팰리스1,2002,,,,"320,000",14,12,2019,,,164.97,59,467,N,,11680,,도곡동
,스카이써밋아파트,2004,,,,"99,500",26,12,2019,,,83.72,6,915-13,N,,11680,,대치동
,매봉삼성,1999,,,,"114,000",28,12,2019,,,59.82,20,966,N,,11680,,도곡동
,현대3차(61~64동),1976,,,,"225,000",12,12,2019,,,82.5,1,443,N,,11680,,압구정동
,삼익대청아파트,1992,,,,"110,000",14,12,2019,,,39.53,5,12,N,,11680,,개포동
,강남엘에이치1단지,2013,,,,"130,000",14,12,2019,,,84.83,10,579,N,,11680,,세곡동
,한화진넥스빌,2001,,,,"41,000",2,12,2019,,,51.08,9,706-20,N,,11680,,역삼동
,신동아,1997,,,,"195,000",10,12,2019,,,84.94,13,134-16,N,,11680,,청담동
,"현대1차(12,13,21,22,31,32,33동)",1976,,,,"470,000",30,1,2020,,,196.21,14,369-1,N,,11680,,압구정동
,논현파라곤,2007,,,,"150,000",20,1,2020,,,120.21,12,241-1,N,,11680,,논현동
,타워팰리스2,2003,,,,"310,000",9,1,2020,,,164.99,35,467-17,N,,11680,,도곡동
,청담스위트,2015,,,,"23,000",31,1,2020,,,13.425,3,34-13,N,,11680,,청담동
,삼성펠리스,2005,,,,"161,000",16,1,2020,,,174.1,6,129-5,N,,11680,,삼성동
,신사아이빌(522),2006,,,,"88,000",4,1,2020,,,90.35,4,522,N,,11680,,신사동
,두산위브2단지,2004,,,,"137,000",20,1,2020,,,83.464,9,258,N,,11680,,논현동
,삼성동롯데캐슬킹덤,2005,,,,"295,000",17,1,2020,,,170.8,12,43,N,,11680,,삼성동
,지석천평대,2003,,,,"55,500",28,1,2020,,,63.03,4,789-29,N,,11680,,역삼동
,타워팰리스3,2004,,,,"270,000",16,1,2020,,,141.381,35,467-29,N,,11680,,도곡동
,강남엘에이치1단지,2013,,,,"108,000",8,2,2020,,,59.99,10,579,N,,11680,,세곡동
,현대아파트,1988,,,,"147,000",19,2,2020,,,84.92,4,23,N,,11680,,청담동
,가람,1993,,,,"168,000",14,2,2020,,,75.16,2,735,N,,11680,,일원동
,까치마을,1993,,,,"83,000",13,2,2020,,,39.6,1,746,N,,11680,,수서동
,수서한아름,1993,,,,"181,500",19,2,2020,,,163.68,10,712,N,,11680,,수서동
,은마,1979,,,,"210,000",14,2,2020,,,84.43,8,316,N,,11680,,대치동
,서광아파트,1998,,,,"146,500",15,2,2020,,,59.67,9,2,N,,11680,,삼성동
,청담파라곤Ⅱ1단지,2010,,,,"260,000",14,2,2020,,,195.88,3,102-1,N,,11680,,청담동
,삼성동롯데아파트,2000,,,,"187,000",20,2,2020,,,91.77,9,17,N,,11680,,삼성동
,성원대치2단지아파트,1992,,,,"96,500",20,2,2020,,,33.18,9,12,N,,11680,,개포동
,우성리빙텔,1996,,,,"135,000",31,3,2020,,,119.25,20,467-10,N,,11680,,도곡동
,우성리빙텔,1996,,20.07.17,O,"135,000",31,3,2020,,,119.25,20,467-10,N,,11680,,도곡동
,강남브리즈힐(토지임대부아파트),2014,,,,"113,000",9,3,2020,,,84.98,9,618,Y,,11680,,자곡동
,한양8(81동한개동),1984,,,,"480,000",10,3,2020,,,210.1,12,510,N,,11680,,압구정동
,삼성,1997,,,,"157,500",14,3,2020,,,84.97,14,747,N,,11680,,수서동
,대우디오빌,2004,,,,"26,000",21,3,2020,,,25.89,9,952,N,,11680,,도곡동
,성원대치2단지아파트,1992,,,,"91,000",14,3,2020,,,33.18,7,12,N,,11680,,개포동
,두산위브1단지,2004,,,,"150,000",12,3,2020,,,84.993,2,252-1,N,,11680,,논현동
,강남데시앙파크,2011,,,,"110,000",28,3,2020,,,84.97,10,525,N,,11680,,세곡동
,개포우성2,1984,,,,"305,000",27,3,2020,,,127.78,5,500,N,,11680,,대치동
,역삼래미안,2005,,,,"160,000",30,4,2020,,,59.4,17,757,N,,11680,,역삼동
,삼성동힐스테이트 1단지,2008,,,,"252,000",30,4,2020,,,114.463,18,16-2,N,,11680,,삼성동
,은마,1979,,,,"194,000",28,4,2020,,,84.43,9,316,N,,11680,,대치동
,아크로힐스논현,2014,,,,"203,000",29,4,2020,,,113.087,3,276-1,N,,11680,,논현동
,미성2차,1987,,,,"265,000",28,4,2020,,,140.9,12,397,N,,11680,,압구정동
,대우디오빌플러스,2004,,,,"40,900",26,4,2020,,,43.99,11,824-25,N,,11680,,역삼동
,한보미도맨션1,1983,,,,"290,000",27,4,2020,,,161.36,1,511,N,,11680,,대치동
,삼성,1997,,,,"150,000",27,4,2020,,,84.97,8,747,N,,11680,,수서동
,은마,1979,,,,"177,000",30,4,2020,,,76.79,9,316,N,,11680,,대치동
,청담8차상지리츠빌,2003,,,,"263,500",29,4,2020,,,203.47,3,121-14,N,,11680,,청담동
,강남브리즈힐(토지임대부아파트),2014,,,,"93,000",23,5,2020,,,74.44,8,618,Y,,11680,,자곡동
,청담우방아파트,1999,,,,"185,000",23,5,2020,,,118.53,8,43,N,,11680,,청담동
,푸른마을아파트101동~111동,1994,,,,"148,500",22,5,2020,,,84.93,5,719,N,,11680,,일원동
,강남데시앙파크,2011,,,,"115,000",23,5,2020,,,84.95,5,525,N,,11680,,세곡동
,강남엘에이치1단지,2013,,,,"109,500",16,5,2020,,,59.89,6,579,N,,11680,,세곡동
,쌍용플레티넘밸류,2007,,,,"114,000",16,5,2020,,,84.96,15,826-37,N,,11680,,역삼동
,삼성청담아파트,1999,,,,"190,000",20,5,2020,,,114.83,14,42,N,,11680,,청담동
,까치마을,1993,,,,"78,000",28,5,2020,,,34.44,11,746,N,,11680,,수서동
,강남브리즈힐(토지임대부아파트),2014,,,,"91,500",30,5,2020,,,74.04,3,618,Y,,11680,,자곡동
,현대8차(성수현대:91~95동),1980,,,,"235,000",26,5,2020,,,107.64,10,481,N,,11680,,압구정동
,성원대치2단지아파트,1992,,,,"100,000",13,6,2020,,,39.53,1,12,N,,11680,,개포동
,삼성래미안,2001,,,,"165,000",13,6,2020,,,59.96,15,91-5,N,,11680,,도곡동
,삼익대청아파트,1992,,,,"150,000",30,6,2020,,,60,8,12,N,,11680,,개포동
,청담파라곤Ⅱ1단지,2010,,,,"245,000",19,6,2020,,,187.8,2,102-1,N,,11680,,청담동
,개포6차우성아파트1동~8동,1987,,,,"165,000",25,6,2020,,,67.28,2,658-1,N,,11680,,개포동
,도곡렉슬,2006,,,,"299,500",27,6,2020,,,120.8233,19,527,N,,11680,,도곡동
,도곡우성아파트,1986,,,,"162,000",27,6,2020,,,84.83,10,934-10,N,,11680,,도곡동
,강남엘에이치1단지,2013,,,,"140,000",18,6,2020,,,84.84,13,579,N,,11680,,세곡동
,래미안삼성1차(105-0),2005,,,,"203,500",19,6,2020,,,84.95,10,105,N,,11680,,삼성동
,래미안블레스티지,2019,,,,"155,000",23,6,2020,,,49.909,13,1280,N,,11680,,개포동
,강남 더샵 포레스트,2016,,,,"268,000",15,7,2020,,,146.7139,2,799,N,,11680,,수서동
,역삼자이,2016,,,,"188,000",8,7,2020,,,59.9977,20,711-3,N,,11680,,역삼동
,세곡푸르지오,2012,,,,"138,000",11,7,2020,,,84.84,8,533,N,,11680,,세곡동
,"현대1차(12,13,21,22,31,32,33동)",1976,,,,"465,000",9,7,2020,,,196.21,5,369-1,N,,11680,,압구정동
,"현대6차(78~81,83,84,86,87동)",1978,,,,"389,000",7,7,2020,,,157.36,8,456,N,,11680,,압구정동
,디에이치아너힐즈,2019,,,,"270,000",5,7,2020,,,84.36,2,1281,N,,11680,,개포동
,성원대치2단지아파트,1992,,,,"98,500",31,7,2020,,,33.18,6,12,N,,11680,,개포동
,강남데시앙포레,2014,,,,"140,000",19,7,2020,,,59.97,6,795,N,,11680,,수서동
,삼익대청아파트,1992,,,,"113,000",25,7,2020,,,39.53,12,12,N,,11680,,개포동
,경남,2005,,,,"145,300",27,7,2020,,,59.76,7,967,N,,11680,,도곡동
,"현대6차(78~81,83,84,86,87동)",1978,,,,"420,000",26,8,2020,,,157.36,8,456,N,,11680,,압구정동
,하이페리온,2004,,,,"192,000",29,8,2020,,,142.41,4,968,N,,11680,,도곡동
,도곡스타클래스,2007,,,,"140,000",28,8,2020,,,112.75,8,957-11,N,,11680,,도곡동
,"현대7차(73~77,82,85동)",1979,,,,"420,000",11,8,2020,,,157.36,8,456,N,,11680,,압구정동
,신현대12차,1982,,,,"260,000",10,8,2020,,,107.16,3,434,N,,11680,,압구정동
,아펠바움,2008,,,,"480,000",5,8,2020,,,241.83,8,99-3,N,,11680,,삼성동
,개포한신,1984,,,,"197,500",1,8,2020,,,107.6,8,615-1,N,,11680,,일원동
,대림아크로빌,1999,,,,"248,000",31,8,2020,,,172.464,32,467-6,N,,11680,,도곡동
,럭키(462),1986,,,,"177,500",1,8,2020,,,79.89,3,462,N,,11680,,도곡동
,까치마을,1993,,,,"111,910",31,8,2020,,,49.5,9,746,N,,11680,,수서동
,도곡우성아파트,1986,,,,"156,800",7,9,2020,,,84.83,2,934-10,N,,11680,,도곡동
,가람,1993,,,,"184,000",15,9,2020,,,75.16,4,735,N,,11680,,일원동
,한보미도맨션1,1983,,,,"250,000",25,9,2020,,,84.48,6,511,N,,11680,,대치동
,삼환(101동),1999,,,,"165,000",22,9,2020,,,84.91,4,10,N,,11680,,청담동
,도곡스타클래스,2007,,,,"149,800",3,9,2020,,,112.05,11,957-11,N,,11680,,도곡동
,신현대9차,1982,,,,"270,000",17,9,2020,,,111.38,10,426,N,,11680,,압구정동
,가람,1993,,,,"172,000",4,9,2020,,,75.16,5,735,N,,11680,,일원동
,현대아파트101동,1999,,,,"149,500",24,9,2020,,,59.83,8,6,N,,11680,,삼성동
,대우아이빌멤버스(891-26),2003,,,,"36,000",28,9,2020,,,35.796,6,891-26,N,,11680,,대치동
,강남자곡아이파크,2014,,21.01.15,O,"170,000",27,9,2020,,,84.92,15,602,N,,11680,,자곡동
,개포래미안포레스트,2020,,,,"188,200",10,10,2020,,,59.92,10,1282,N,,11680,,개포동
,은탑리더스카운티,2003,,,,"102,000",21,10,2020,,,81.61,5,44-6,N,,11680,,논현동
,강변상지리츠빌,2001,,,,"307,000",26,10,2020,,,171.79,11,106-17,N,,11680,,청담동
,삼성리치빌1,2003,,,,"149,900",6,10,2020,,,84.98,3,52-9,N,,11680,,삼성동
,역삼동골든베리힐,2004,,,,"93,000",24,10,2020,,,112.91,6,667-1,N,,11680,,역삼동
,경남,2005,,,,"149,000",29,10,2020,,,59.76,16,967,N,,11680,,도곡동
,성원대치2단지아파트,1992,,,,"119,500",27,10,2020,,,39.53,11,12,N,,11680,,개포동
,현대아파트101동,1999,,,,"88,000",31,10,2020,,,32.61,11,6,N,,11680,,삼성동
,한양4,1978,,,,"233,000",31,10,2020,,,101.09,2,486,N,,11680,,압구정동
,우성7,1987,,,,"205,000",30,10,2020,,,83.69,5,615,N,,11680,,일원동
,개포래미안포레스트,2020,,,,"195,000",26,11,2020,,,59.92,17,1282,N,,11680,,개포동
,개포래미안포레스트,2020,,21.09.02,O,"195,000",16,11,2020,,,59.92,17,1282,N,,11680,,개포동
,타워팰리스1,2002,,,,"293,000",5,11,2020,,,137.24,35,467,N,,11680,,도곡동
,경남아너스빌,2002,,,,"147,500",24,11,2020,,,84.688,17,722,N,,11680,,역삼동
,삼익대청아파트,1992,,,,"136,000",14,11,2020,,,51.12,10,12,N,,11680,,개포동
,역삼이안애비,2004,,,,"80,000",3,11,2020,,,84.28,5,777-49,N,,11680,,역삼동
,수서한아름,1993,,,,"164,000",3,11,2020,,,97.63,2,712,N,,11680,,수서동
,동익,1993,,,,"145,500",28,11,2020,,,84.46,1,738,N,,11680,,수서동
,현대비젼21,1999,,,,"54,000",6,11,2020,,,42.7,27,467-19,N,,11680,,도곡동
,청담아르지움,2015,,,,"35,200",30,11,2020,,,22.57,2,32,N,,11680,,청담동
,대치삼성,2000,,,,"269,800",23,12,2020,,,97.35,9,1014-3,N,,11680,,대치동
,현대8차(성수현대:91~95동),1980,,,,"275,000",2,12,2020,,,107.64,11,481,N,,11680,,압구정동
,한양1차(영동한양),1977,,,,"250,000",14,12,2020,,,91.21,5,490,N,,11680,,압구정동
,가람,1993,,,,"188,000",29,12,2020,,,75.16,2,735,N,,11680,,일원동
,한솔마을,1994,,,,"200,000",27,12,2020,,,84.73,5,731,N,,11680,,일원동
,현대,1994,,,,"179,500",2,12,2020,,,133.68,4,172-3,N,,11680,,개포동
,도곡렉슬,2006,,,,"320,000",5,12,2020,,,114.9931,6,527,N,,11680,,도곡동
,신동아,1992,,21.02.22,O,"111,700",28,12,2020,,,39.51,10,736,N,,11680,,수서동
,래미안강남힐즈,2014,,,,"199,000",30,12,2020,,,101.94,15,611,N,,11680,,자곡동
,강남엘에이치1단지,2013,,,,"136,000",6,12,2020,,,59.86,13,579,N,,11680,,세곡동
,개포래미안포레스트,2020,,,,"245,000",17,1,2021,,,74.66,7,1282,N,,11680,,개포동
,성원대치2단지아파트,1992,,,,"111,000",21,1,2021,,,33.18,12,12,N,,11680,,개포동
,쌍용플레티넘밸류,2007,,,,"149,000",29,1,2021,,,110.57,8,826-37,N,,11680,,역삼동
,개포우성1,1983,,,,"285,000",2,1,2021,,,84.81,12,503,N,,11680,,대치동
,개포주공7단지,1983,,,,"235,000",30,1,2021,,,73.26,1,185,N,,11680,,개포동
,강남데시앙포레,2014,,,,"182,000",18,1,2021,,,84.92,8,795,N,,11680,,수서동
,개포우성1,1983,,21.04.26,O,"285,000",2,1,2021,,,84.81,12,503,N,,11680,,대치동
,롯데캐슬모닝,2003,,,,"225,000",23,1,2021,,,150.78,4,551-28,N,,11680,,도곡동
,가람,1993,,,,"225,000",9,1,2021,,,84.95,4,735,N,,11680,,일원동
,강남엘에이치1단지,2013,,,,"140,000",28,1,2021,,,59.86,10,579,N,,11680,,세곡동
,한양5,1979,,,,"437,000",10,2,2021,,,153.59,12,513,N,,11680,,압구정동
,한양2,1978,,,,"410,000",2,2,2021,,,147.41,12,493,N,,11680,,압구정동
,한양2,1978,,21.05.17,O,"410,000",2,2,2021,,,147.41,12,493,N,,11680,,압구정동
,한양2,1978,,21.05.17,O,"410,000",2,2,2021,,,147.41,12,493,N,,11680,,압구정동
,우정에쉐르멤버스,2004,,,,"49,500",20,2,2021,,,36.19,10,708-31,N,,11680,,역삼동
,한양2,1978,,,,"425,000",24,2,2021,,,147.41,11,493,N,,11680,,압구정동
,한양1차(영동한양),1977,,,,"190,000",25,2,2021,,,49.98,5,490,N,,11680,,압구정동
,한보미도맨션2,1985,,,,"259,000",16,2,2021,,,84.96,6,511,N,,11680,,대치동
,"현대7차(73~77,82,85동)",1979,,,,"500,000",9,2,2021,,,157.36,11,456,N,,11680,,압구정동
,가람,1993,,,,"220,000",3,2,2021,,,84.95,2,735,N,,11680,,일원동
,강남자곡아이파크,2014,,,,"82,050",10,3,2021,,,74.97,1,602,N,,11680,,자곡동
,강남자곡아이파크,2014,,,,"71,800",15,3,2021,,,59.96,1,602,N,,11680,,자곡동
,PH129,2020,,,,"1,150,000",4,3,2021,,,273.96,14,129,N,,11680,,청담동
,삼성,1997,,,,"180,100",12,3,2021,,,84.97,11,747,N,,11680,,수서동
,강남데시앙포레,2014,,,,"227,000",4,3,2021,,,101.81,11,795,N,,11680,,수서동
,강남데시앙포레,2014,,,,"159,000",6,3,2021,,,59.97,10,795,N,,11680,,수서동
,가람,1993,,,,"200,000",20,3,2021,,,75.16,2,735,N,,11680,,일원동
,강남데시앙포레,2014,,,,"179,300",30,3,2021,,,84.92,2,795,N,,11680,,수서동
,"현대6차(78~81,83,84,86,87동)",1978,,,,"620,000",16,3,2021,,,196.7,9,456,N,,11680,,압구정동
,개포우성1,1983,,,,"371,000",31,3,2021,,,127.61,4,503,N,,11680,,대치동
,경남2차,1984,,,,"303,000",26,4,2021,,,149.21,14,649,N,,11680,,개포동
,삼성,1997,,,,"178,100",9,4,2021,,,84.97,4,747,N,,11680,,수서동
,강남데시앙포레,2014,,,,"158,000",6,4,2021,,,59.97,9,795,N,,11680,,수서동
,강남엘에이치1단지,2013,,,,"165,000",6,4,2021,,,74.74,8,579,N,,11680,,세곡동
,신동아,1992,,,,"117,000",5,4,2021,,,49.96,2,736,N,,11680,,수서동
,"현대2차(10,11,20,23,24,25동)",1976,,,,"529,000",26,4,2021,,,161.19,2,369-1,N,,11680,,압구정동
,타워팰리스1,2002,,,,"303,000",3,4,2021,,,137.24,42,467,N,,11680,,도곡동
,삼성,1994,,,,"200,000",18,4,2021,,,84.81,10,161,N,,11680,,도곡동
,갤러리아트,2002,,,,"53,000",29,4,2021,,,53.65,2,783-28,N,,11680,,역삼동
,미성1차,1982,,,,"321,000",26,4,2021,,,105.62,6,414,N,,11680,,압구정동
,상지리츠빌카일룸3차,2009,,21.12.24,O,"821,057",10,5,2021,,,265.47,19,129-16,N,,11680,,청담동
,강남브리즈힐(토지임대부아파트),2014,,,,"140,000",12,5,2021,,,84.98,14,618,Y,,11680,,자곡동
,푸른마을아파트101동~111동,1994,,,,"147,000",7,5,2021,,,59.76,9,719,N,,11680,,일원동
,강남데시앙포레,2014,,,,"177,000",30,5,2021,,,84.92,11,795,N,,11680,,수서동
,마일스디오빌,2004,,,,"37,500",31,5,2021,,,36.29,14,58-2,N,,11680,,논현동
,도곡렉슬,2006,,,,"285,000",31,5,2021,,,84.9984,5,527,N,,11680,,도곡동
,현대비젼21,1999,,,,"41,000",29,5,2021,,,34.995,25,467-19,N,,11680,,도곡동
,한보미도맨션1,1983,,,,"417,000",31,5,2021,,,161.36,8,511,N,,11680,,대치동
,한보미도맨션2,1985,,,,"273,000",28,5,2021,,,84.96,4,511,N,,11680,,대치동
,대림,1992,,,,"181,300",27,5,2021,,,84.93,4,960,N,,11680,,도곡동
,샘터마을,1994,,,,"230,100",19,6,2021,,,134.438,3,718,N,,11680,,일원동
,강남한양수자인(4단지),2014,,,,"189,000",14,6,2021,,,114.32,6,686,N,,11680,,자곡동
,도곡쌍용예가,1978,,,,"215,000",16,6,2021,,,107.53,4,933,N,,11680,,도곡동
,개포래미안포레스트,2020,,,,"210,000",13,6,2021,,,59.92,5,1282,N,,11680,,개포동
,우성사원5,1986,,,,"200,000",26,6,2021,,,70.89,8,463-1,N,,11680,,도곡동
,디에이치아너힐즈,2019,,,,"215,000",5,6,2021,,,59.8072,7,1281,N,,11680,,개포동
,성원대치2단지아파트,1992,,,,"135,000",30,6,2021,,,39.53,14,12,N,,11680,,개포동
,타워팰리스2,2003,,,,"400,000",30,6,2021,,,164.99,20,467-17,N,,11680,,도곡동
,도곡렉슬,2006,,,,"347,000",21,6,2021,,,114.9931,14,527,N,,11680,,도곡동
,은마,1979,,,,"215,000",24,6,2021,,,76.79,14,316,N,,11680,,대치동
,현대넥서스A동,1997,,,,"259,000",23,7,2021,,,244.61,5,261-8,N,,11680,,논현동
,성원대치2단지아파트,1992,,,,"135,000",17,7,2021,,,39.53,8,12,N,,11680,,개포동
,강남한양수자인(4단지),2014,,,,"178,000",10,7,2021,,,84.99,3,686,N,,11680,,자곡동
,삼성,1997,,,,"194,500",30,7,2021,,,84.97,12,747,N,,11680,,수서동
,아카데미스위트1,2004,,,,"211,000",26,7,2021,,,122.07,10,467-7,N,,11680,,도곡동
,대치현대,1999,,,,"234,000",30,7,2021,,,85,12,974,N,,11680,,대치동
,강남엘에이치1단지,2013,,,,"145,000",17,7,2021,,,59.89,12,579,N,,11680,,세곡동
,성원대치2단지아파트,1992,,,,"120,000",29,7,2021,,,33.18,11,12,N,,11680,,개포동
,도곡렉슬,2006,,,,"297,000",31,7,2021,,,84.9984,5,527,N,,11680,,도곡동
,상지리츠빌9차,2004,,,,"350,000",29,7,2021,,,200.88,5,116-10,N,,11680,,청담동
,강남자곡아이파크,2014,,,,"73,750",18,8,2021,,,59.96,5,602,N,,11680,,자곡동
,성원대치2단지아파트,1992,,,,"119,500",4,8,2021,,,33.18,3,12,N,,11680,,개포동
,아람손프라자/비바빌,2001,,,,"77,000",25,8,2021,,,84.96,5,1164-7,N,,11680,,개포동
,현대8차(성수현대:91~95동),1980,,,,"487,000",30,8,2021,,,163.67,7,481,N,,11680,,압구정동
,래미안그레이튼(진달래2차),2010,,,,"259,000",30,8,2021,,,84.87,12,762-3,N,,11680,,역삼동
,경남논현,1996,,,,"172,000",30,8,2021,,,114.27,2,274,N,,11680,,논현동
,타워팰리스3,2004,,,,"565,000",30,8,2021,,,244.224,57,467-29,N,,11680,,도곡동
,타워팰리스3,2004,,21.12.01,O,"382,000",19,8,2021,,,163.567,35,467-29,N,,11680,,도곡동
,성원대치2단지아파트,1992,,,,"125,000",29,8,2021,,,33.18,7,12,N,,11680,,개포동
,현대힐스테이트2단지,2008,,,,"260,000",18,8,2021,,,84.236,4,50,N,,11680,,삼성동
,두산위브2단지,2004,,,,"200,000",10,9,2021,,,106.829,13,258,N,,11680,,논현동
,래미안신사,2008,,,,"200,000",15,9,2021,,,84.89,6,506-9,N,,11680,,신사동
,까치마을,1993,,,,"123,500",17,9,2021,,,39.6,11,746,N,,11680,,수서동
,강남데시앙포레,2014,,,,"170,000",28,9,2021,,,59.81,10,795,N,,11680,,수서동
,강남브리즈힐(토지임대부아파트),2014,,,,"120,000",30,9,2021,,,74.04,2,618,Y,,11680,,자곡동
,대우디오빌플러스,2004,,,,"42,900",29,9,2021,,,43.99,3,824-25,N,,11680,,역삼동
,청담자이,2011,,,,"210,000",16,9,2021,,,49.618,11,134-38,N,,11680,,청담동
,대명벨리온,2012,,,,"19,000",28,9,2021,,,17.684,4,727-2,N,,11680,,역삼동
,까치마을,1993,,,,"103,000",30,9,2021,,,34.44,13,746,N,,11680,,수서동
,포스코더샵,2004,,,,"330,000",28,9,2021,,,139.54,14,902,N,,11680,,대치동
,서광아파트,1998,,,,"172,000",2,10,2021,,,59.67,15,2,N,,11680,,삼성동
,래미안라클래시,2021,,,,"328,000",8,10,2021,,,84.99,15,189,N,,11680,,삼성동
,대우디오빌,2002,,,,"33,500",26,10,2021,,,30.03,8,720-25,N,,11680,,역삼동
,펜트힐루논현,2021,,,,"110,000",25,10,2021,,,43.392,4,211-21,N,,11680,,논현동
,현대힐스테이트2단지,2008,,,,"270,000",9,10,2021,,,84.349,2,50,N,,11680,,삼성동
,강남자곡 힐스테이트,2015,,,,"95,730",29,10,2021,,,51.99,7,619,N,,11680,,자곡동
,한양7,1981,,,,"380,000",30,10,2021,,,106.22,8,528,N,,11680,,압구정동
,아펠바움,2008,,,,"547,000",29,10,2021,,,241.83,16,99-3,N,,11680,,삼성동
,한신(개포),1985,,,,"225,000",30,10,2021,,,52.73,3,464,N,,11680,,도곡동
,한화진넥스빌,2001,,,,"38,700",29,10,2021,,,39.2,12,706-20,N,,11680,,역삼동
,우성4,1985,,,,"280,000",3,11,2021,중개거래,서울 강남구,84.6,9,465,N,,11680,,도곡동
,디에이치아너힐즈,2019,,,,"230,000",27,11,2021,중개거래,서울 강남구,59.8732,6,1281,N,,11680,,개포동
,우성사원5,1986,,,,"245,000",29,11,2021,중개거래,서울 강남구,78.99,9,463-1,N,,11680,,도곡동
,경남2차,1984,,,,"380,000",28,11,2021,중개거래,서울 강남구,182.2,2,649,N,,11680,,개포동
,래미안도곡카운티,2016,,23.03.07,O,"280,000",27,11,2021,중개거래,서울 강남구,71.85,4,538-3,N,,11680,,도곡동
,현대힐스테이트2단지,2008,,,,"280,000",29,11,2021,중개거래,서울 강남구,84.236,18,50,N,,11680,,삼성동
,아카데미스위트1,2004,,,,"230,000",27,11,2021,중개거래,서울 강남구,122.07,8,467-7,N,,11680,,도곡동
,아펠바움,2008,,,,"480,000",25,11,2021,중개거래,서울 강남구,241.83,3,99-3,N,,11680,,삼성동
,은마,1979,,,,"263,500",24,11,2021,중개거래,서울 강남구,76.79,11,316,N,,11680,,대치동
,까치마을,1993,,,,"129,500",27,11,2021,중개거래,서울 강남구,39.6,7,746,N,,11680,,수서동
,까치마을,1993,,,,"111,500",17,12,2021,중개거래,서울 강남구 서울 동작구,39.6,1,746,N,,11680,,수서동
,청담파라곤Ⅱ2단지,2010,,,,"320,000",20,12,2021,중개거래,서울 강남구,149.74,4,102-13,N,,11680,,청담동
,도곡렉슬,2006,,,,"435,000",15,12,2021,직거래,,134.9023,13,527,N,,11680,,도곡동
,동부센트레빌,2005,,,,"500,000",20,12,2021,중개거래,서울 강남구,161.47,13,670,N,,11680,,대치동
,펜트힐루논현,2021,,22.07.04,O,"108,000",30,12,2021,중개거래,서울 강남구,43.392,4,211-21,N,,11680,,논현동
,래미안펜타빌,2007,,,,"326,000",30,12,2021,중개거래,서울 강남구,138.54,20,713-7,N,,11680,,역삼동
,아셈,2003,,,,"248,000",30,12,2021,중개거래,서울 강남구,109.32,5,108-1,N,,11680,,삼성동
,대우디오빌,2002,,,,"83,000",30,12,2021,중개거래,서울 강남구,59.505,22,720-25,N,,11680,,역삼동
,대림아크로빌,1999,,,,"293,000",29,12,2021,중개거래,서울 강남구 서울 서대문구,172.467,8,467-6,N,,11680,,도곡동
,타워팰리스2,2003,,,,"407,000",24,12,2021,중개거래,서울 강남구,164.99,3,467-17,N,,11680,,도곡동
,개포주공6단지,1983,,,,"280,000",15,1,2022,중개거래,서울 강남구,83.21,8,185,N,,11680,,개포동
,개나리래미안,2006,,,,"315,000",26,1,2022,중개거래,서울 강남구,129.8,18,754,N,,11680,,역삼동
,강남자곡 힐스테이트,2015,,,,"103,000",8,1,2022,중개거래,서울 강남구,51.96,7,619,N,,11680,,자곡동
,우정에쉐르멤버스,2004,,,,"58,000",7,1,2022,중개거래,서울 강남구,36.19,9,708-31,N,,11680,,역삼동
,삼성리치빌1,2003,,,,"149,000",28,1,2022,중개거래,서울 강남구,84.98,4,52-9,N,,11680,,삼성동
,한화진넥스빌,2001,,,,"46,500",27,1,2022,중개거래,서울 강남구,43.58,20,706-20,N,,11680,,역삼동
,포스코트,2003,,,,"281,000",26,1,2022,중개거래,서울 강남구,160.28,7,146,N,,11680,,삼성동
,역삼래미안,2005,,,,"268,000",26,1,2022,중개거래,서울 강남구 서울 서초구,80.87,8,757,N,,11680,,역삼동
,마이다스힐빌라트,2003,,,,"72,000",28,1,2022,직거래,,243.52,2,728-6,N,,11680,,역삼동
,마일스디오빌,2004,,,,"37,000",26,1,2022,중개거래,서울 강남구,36.29,4,58-2,N,,11680,,논현동
,래미안도곡카운티,2016,,,,"225,000",23,2,2022,중개거래,서울 강남구,59.98,20,538-3,N,,11680,,도곡동
,은하수,1992,,,,"165,000",25,2,2022,중개거래,서울 강남구,67.14,9,759-1,N,,11680,,역삼동
,대우디오빌,2004,,,,"31,100",26,2,2022,중개거래,서울 강남구,31.81,10,952,N,,11680,,도곡동
,연세힐하우스1,2003,,,,"300,000",14,2,2022,중개거래,서울 강남구,187.73,1,102-2,N,,11680,,청담동
,타워팰리스2,2003,,,,"380,000",21,2,2022,중개거래,서울 강남구,160.56,4,467-17,N,,11680,,도곡동
,래미안도곡카운티,2016,,23.03.31,O,"225,000",23,2,2022,중개거래,서울 강남구,59.98,20,538-3,N,,11680,,도곡동
,휴먼스타빌,2005,,,,"80,000",28,2,2022,중개거래,서울 강남구,35.905,14,5-25,N,,11680,,청담동
,청담신원아침도시마인,2013,,,,"82,500",25,2,2022,중개거래,서울 강남구,49.4473,8,122-35,N,,11680,,청담동
,아카데미스위트1,2004,,,,"220,000",26,2,2022,중개거래,서울 강남구,122.07,11,467-7,N,,11680,,도곡동
,아크로힐스논현,2014,,,,"210,000",24,2,2022,중개거래,서울 강남구,84.208,4,276-1,N,,11680,,논현동
,삼성동헤렌하우스2(82-1),2010,,,,"500,000",11,3,2022,중개거래,서울 강남구,217.86,6,82-1,N,,11680,,삼성동
,진흥아파트,1984,,,,"310,000",15,3,2022,중개거래,서울 강남구,145.69,3,65,N,,11680,,청담동
,e-편한세상,2005,,,,"212,500",31,3,2022,중개거래,서울 강남구,59.606,22,755-4,N,,11680,,역삼동
,트레벨,2002,,,,"58,500",30,3,2022,중개거래,서울 강남구,33.48,3,766-8,N,,11680,,역삼동
,삼성동신도브래뉴,2010,,,,"120,000",23,3,2022,중개거래,서울 강남구,104.191,6,121-38,N,,11680,,삼성동
,타워팰리스3,2004,,,,"554,000",30,3,2022,중개거래,서울 강남구,244.224,63,467-29,N,,11680,,도곡동
,개포우성1,1983,,,,"409,000",30,3,2022,중개거래,서울 강남구,127.61,11,503,N,,11680,,대치동
,현대2,1986,,,,"265,000",30,3,2022,중개거래,서울 강남구,84.81,7,654,N,,11680,,개포동
,대림아크로빌,1999,,,,"295,000",31,3,2022,중개거래,서울 강남구,146.754,38,467-6,N,,11680,,도곡동
,타워팰리스2,2003,,,,"335,000",29,3,2022,중개거래,서울 강남구,124.11,40,467-17,N,,11680,,도곡동
,현대4,1987,,,,"199,000",16,4,2022,중개거래,서울 도봉구,84.98,11,614,N,,11680,,일원동
,미성2차,1987,,,,"321,000",19,4,2022,중개거래,서울 강남구,74.4,16,397,N,,11680,,압구정동
,강남한신휴플러스6단지,2015,,,,"149,000",23,4,2022,중개거래,서울 강남구,59.98,3,365,N,,11680,,율현동
,은마,1979,,,,"262,500",28,4,2022,중개거래,서울 강남구,84.43,2,316,N,,11680,,대치동
,은마,1979,,22.06.24,O,"262,500",28,4,2022,중개거래,서울 강남구,84.43,2,316,N,,11680,,대치동
,대우디오빌,2002,,,,"32,000",30,4,2022,중개거래,서울 강남구,30.03,8,720-25,N,,11680,,역삼동
,개포6차우성아파트1동~8동,1987,,,,"220,000",21,4,2022,중개거래,서울 강남구,79.97,2,658-1,N,,11680,,개포동
,"현대5차(71,72동)",1977,,,,"410,000",12,4,2022,중개거래,서울 강남구,82.23,10,455,N,,11680,,압구정동
,은마,1979,,22.06.24,O,"262,500",28,4,2022,중개거래,서울 강남구,84.43,2,316,N,,11680,,대치동
,경남2차,1984,,,,"400,000",19,4,2022,중개거래,서울 강남구,186.16,8,649,N,,11680,,개포동
,우민,2002,,,,"123,000",19,5,2022,중개거래,서울 강남구,74.758,2,107-44,N,,11680,,논현동
,우성캐릭터199,1998,,23.02.22,O,"317,500",12,5,2022,중개거래,서울 강남구,164.97,12,467-24,N,,11680,,도곡동
,럭키(963),1995,,,,"260,000",19,5,2022,중개거래,서울 강남구,124.66,1,963,N,,11680,,도곡동
,"현대14차(203,204,205,206동)",1987,,,,"430,000",17,5,2022,중개거래,서울 강남구 서울 서초구,84.98,8,447,N,,11680,,압구정동
,대림아크로빌,1999,,23.02.15,O,"285,000",28,5,2022,중개거래,서울 강남구,146.754,5,467-6,N,,11680,,도곡동
,은마,1979,,,,"250,000",25,5,2022,중개거래,서울 강남구,76.79,2,316,N,,11680,,대치동
,래미안청담로이뷰,1992,,,,"373,000",25,5,2022,중개거래,서울 강남구,110.2,10,134,N,,11680,,청담동
,아름빌(889-74),2003,,22.10.07,O,"29,000",25,5,2022,중개거래,서울 강남구,30.46,8,889-74,N,,11680,,대치동
,래미안대치팰리스,2015,,,,"328,000",26,5,2022,중개거래,서울 강남구,91.93,35,1027,N,,11680,,대치동
,로체샤르캐슬,2009,,22.11.10,O,"139,000",23,5,2022,중개거래,서울 강남구,106.59,4,114-23,N,,11680,,논현동
,SK허브프리모,2006,,,,"80,000",17,6,2022,직거래,,67.57,15,953-1,N,,11680,,도곡동
,채널리저브,2007,,,,"181,000",22,6,2022,중개거래,서울 강남구,84.94,18,144-14,N,,11680,,삼성동
,강남 더샵 포레스트,2016,,,,"295,000",10,6,2022,중개거래,서울 강남구,124.5792,11,799,N,,11680,,수서동
,타워팰리스1,2002,,,,"435,000",6,6,2022,중개거래,서울 강남구,164.97,46,467,N,,11680,,도곡동
,신동아,1997,,22.11.03,O,"275,000",4,6,2022,중개거래,서울 강남구,84.94,13,134-16,N,,11680,,청담동
,한보미도맨션1,1983,,,,"387,000",24,6,2022,중개거래,서울 강남구,128.01,4,511,N,,11680,,대치동
,경남논현,1996,,,,"131,000",21,6,2022,중개거래,서울 강남구,83.72,5,274,N,,11680,,논현동
,한보미도맨션2,1985,,,,"380,000",24,6,2022,중개거래,서울 강남구,126.33,10,511,N,,11680,,대치동
,포스코트,2002,,,,"395,000",14,6,2022,중개거래,서울 강남구,200.9,14,164-6,N,,11680,,도곡동
,대우로얄카운티3,2003,,,,"495,000",16,6,2022,중개거래,서울 강남구,244.72,3,117-6,N,,11680,,청담동
,상지리츠빌5B,2001,,,,"290,000",4,7,2022,중개거래,서울 강남구,152.85,7,127-37,N,,11680,,청담동
,PLUMHILLS,2003,,22.10.28,O,"210,000",4,7,2022,중개거래,서울 강남구,206.1,1,193-67,N,,11680,,도곡동
,타워팰리스2,2003,,,,"340,000",27,7,2022,중개거래,서울 강남구,130.17,3,467-17,N,,11680,,도곡동
,연세청담파크빌,1999,,,,"290,000",29,7,2022,중개거래,서울 강남구,242.34,5,59-21,N,,11680,,청담동
,청담대우멤버스카운티11차,2004,,,,"315,000",7,7,2022,중개거래,서울 강남구,164.99,3,122-15,N,,11680,,청담동
,청담동마크노빌,2008,,,,"450,000",27,7,2022,중개거래,서울 강남구 서울 서초구,270.25,1,89-12,N,,11680,,청담동
,래미안그레이튼(진달래2차),2010,,,,"287,000",20,7,2022,중개거래,서울 강남구,105.89,25,762-3,N,,11680,,역삼동
,로데오현대,1998,,,,"142,000",30,7,2022,중개거래,서울 강남구,84.96,8,658,N,,11680,,신사동
,개포자이,2004,,,,"303,000",27,7,2022,중개거래,서울 강남구,170.32,11,12-2,N,,11680,,개포동
,타워팰리스2,2003,,22.10.26,O,"340,000",27,7,2022,중개거래,서울 강남구,130.17,3,467-17,N,,11680,,도곡동
,썬-타워빌딩,2015,,,,"46,534",30,8,2022,직거래,,16.4,9,588-16,N,,11680,,신사동
,썬-타워빌딩,2015,,,,"46,534",30,8,2022,직거래,,16.4,9,588-16,N,,11680,,신사동
,썬-타워빌딩,2015,,,,"46,534",30,8,2022,직거래,,16.4,9,588-16,N,,11680,,신사동
,썬-타워빌딩,2015,,,,"67,352",30,8,2022,직거래,,23.72,9,588-16,N,,11680,,신사동
,썬-타워빌딩,2015,,,,"43,757",30,8,2022,직거래,,15.42,9,588-16,N,,11680,,신사동
,썬-타워빌딩,2015,,,,"43,757",30,8,2022,직거래,,15.42,9,588-16,N,,11680,,신사동
,썬-타워빌딩,2015,,,,"43,757",30,8,2022,직거래,,15.42,9,588-16,N,,11680,,신사동
,썬-타워빌딩,2015,,,,"43,757",30,8,2022,직거래,,15.42,9,588-16,N,,11680,,신사동
,썬-타워빌딩,2015,,,,"43,757",30,8,2022,직거래,,15.42,9,588-16,N,,11680,,신사동
,썬-타워빌딩,2015,,,,"46,534",30,8,2022,직거래,,16.4,8,588-16,N,,11680,,신사동
,청암빌라트,1991,,,,"260,000",17,9,2022,중개거래,서울 강남구,163.8,1,650,N,,11680,,대치동
,강남자곡 힐스테이트,2015,,,,"101,500",13,9,2022,중개거래,서울 강남구,59.93,10,619,N,,11680,,자곡동
,청암빌라트,1991,,,,"270,000",17,9,2022,중개거래,서울 강남구,163.8,1,650,N,,11680,,대치동
,청암빌라트,1991,,23.01.26,O,"270,000",17,9,2022,중개거래,서울 강남구,163.8,1,650,N,,11680,,대치동
,우림루미아트,2005,,,,"178,800",30,9,2022,직거래,,127.82,7,75-3,N,,11680,,삼성동
,래미안삼성1차(103-22),2006,,,,"330,000",27,9,2022,중개거래,서울 강남구,114.12,11,103-22,N,,11680,,삼성동
,"현대6차(78~81,83,84,86,87동)",1978,,,,"465,000",30,9,2022,중개거래,서울 강남구,144.7,6,456,N,,11680,,압구정동
,신동아(22),1997,,,,"89,000",24,9,2022,중개거래,서울 서초구,35.73,1,22,N,,11680,,논현동
,도곡렉슬,2006,,,,"278,000",27,9,2022,중개거래,서울 강남구,84.9984,9,527,N,,11680,,도곡동
,타워팰리스2,2003,,,,"450,000",19,9,2022,중개거래,서울 강남구,176.72,22,467-17,N,,11680,,도곡동
,대우디오빌,2002,,,,"34,000",14,10,2022,중개거래,서울 강남구,30.03,14,720-25,N,,11680,,역삼동
,대우디오빌,2004,,,,"30,500",29,10,2022,중개거래,서울 강남구,31.81,11,952,N,,11680,,도곡동
,한화진넥스빌,2001,,,,"41,000",11,10,2022,중개거래,서울 강남구,41.68,9,706-20,N,,11680,,역삼동
,아크로힐스논현,2014,,,,"240,000",28,10,2022,중개거래,서울 강남구,113.231,14,276-1,N,,11680,,논현동
,타워팰리스2,2003,,,,"430,000",20,10,2022,중개거래,서울 강남구,164.99,40,467-17,N,,11680,,도곡동
,타워팰리스2,2003,,,,"595,000",18,10,2022,중개거래,서울 강남구,223.59,38,467-17,N,,11680,,도곡동
,신동아,1992,,,,"100,000",25,10,2022,중개거래,서울 강남구,39.53,11,736,N,,11680,,수서동
,은마,1979,,,,"210,000",20,10,2022,중개거래,서울 강남구,84.43,2,316,N,,11680,,대치동
,선릉역대우아이빌(890-49),2004,,,,"24,500",14,10,2022,중개거래,서울 강남구,28.34,13,890-49,N,,11680,,대치동
,"대치우성아파트1동,2동,3동,5동,6동,7동",1984,,,,"270,000",20,10,2022,중개거래,서울 강남구 인천 서구,115.59,12,63,N,,11680,,대치동
,대치삼성,2000,,,,"254,000",5,11,2022,중개거래,서울 강남구,97.35,11,1014-3,N,,11680,,대치동
,테헤란로대우아이빌(891-6),2004,,,,"39,800",5,11,2022,중개거래,서울 강남구,33.11,9,891-6,N,,11680,,대치동
,개포래미안포레스트,2020,,,,"240,000",29,11,2022,중개거래,서울 강남구,84.86,5,1282,N,,11680,,개포동
,디에이치아너힐즈,2019,,,,"250,000",26,11,2022,중개거래,서울 강남구,84.3558,19,1281,N,,11680,,개포동
,개포래미안포레스트,2020,,,,"240,000",25,11,2022,중개거래,서울 강남구,84.83,33,1282,N,,11680,,개포동
,은마,1979,,,,"226,000",22,11,2022,중개거래,서울 강남구,84.43,12,316,N,,11680,,대치동
,"대치우성아파트1동,2동,3동,5동,6동,7동",1984,,,,"260,000",22,11,2022,중개거래,서울 강남구,115.59,4,63,N,,11680,,대치동
,신현대11차,1983,,,,"560,000",25,11,2022,중개거래,서울 강남구,183.41,9,433,N,,11680,,압구정동
,래미안대치팰리스,2015,,,,"291,000",17,11,2022,중개거래,서울 강남구,91.93,20,1027,N,,11680,,대치동
,삼익대청아파트,1992,,,,"134,000",14,11,2022,중개거래,서울 강남구 서울 서초구,60,7,12,N,,11680,,개포동
,쌍용플래티넘,2003,,,,"225,000",27,12,2022,중개거래,서울 강남구,154.77,12,117,N,,11680,,삼성동
,삼익대청아파트,1992,,,,"100,000",16,12,2022,중개거래,서울 강남구,51.12,15,12,N,,11680,,개포동
,"현대6차(78~81,83,84,86,87동)",1978,,,,"430,000",30,12,2022,중개거래,서울 강남구,144.2,8,456,N,,11680,,압구정동
,현대힐스테이트2단지,2008,,,,"235,000",30,12,2022,중개거래,서울 강남구,84.236,3,50,N,,11680,,삼성동
,"현대6차(78~81,83,84,86,87동)",1978,,,,"450,000",26,12,2022,중개거래,서울 강남구,157.36,14,456,N,,11680,,압구정동
,디에이치아너힐즈,2019,,,,"220,000",22,12,2022,중개거래,서울 강남구,76.1709,24,1281,N,,11680,,개포동
,은마,1979,,,,"220,000",24,12,2022,중개거래,서울 강남구,84.43,10,316,N,,11680,,대치동
,포스코더샵,2004,,,,"290,000",30,12,2022,중개거래,서울 강남구,139.54,11,902,N,,11680,,대치동
,성원대치2단지아파트,1992,,,,"104,000",23,12,2022,중개거래,서울 강남구,49.86,4,12,N,,11680,,개포동
,은마,1979,,,,"184,500",30,12,2022,중개거래,서울 강남구,76.79,2,316,N,,11680,,대치동
109,목련타운,1993,,,,"175,000",1,1,2023,중개거래,서울 강남구,99.79,6,716,N,23.05.11,11680,,일원동
301,삼익대청아파트,1992,,,,"97,000",17,1,2023,중개거래,서울 강남구 서울 종로구,39.53,8,12,N,23.05.10,11680,,개포동
101,푸른마을아파트101동~111동,1994,,,,"123,500",16,1,2023,중개거래,서울 강남구,59.76,7,719,N,23.04.07,11680,,일원동
215,성원대치2단지아파트,1992,,,,"85,500",28,1,2023,중개거래,서울 강남구,33.18,9,12,N,23.04.10,11680,,개포동
비,타워팰리스1,2002,,,,"330,000",17,1,2023,중개거래,서울 강남구,137.24,13,467,N,23.03.10,11680,,도곡동
개포자이르네,개포자이르네,2022,,,,"90,000",17,1,2023,직거래,,50.8665,4,1283,N,23.03.31,11680,,개포동
202,래미안블레스티지,2019,,,,"171,000",14,1,2023,중개거래,서울 강남구,59.967,19,1280,N,23.03.30,11680,,개포동
215,성원대치2단지아파트,1992,,,,"86,000",30,1,2023,중개거래,서울 강남구,33.18,11,12,N,23.04.28,11680,,개포동
203,한보미도맨션2,1985,,,,"317,500",30,1,2023,중개거래,서울 강남구,126.33,4,511,N,23.03.30,11680,,대치동
208동,강남 더샵 포레스트,2016,,,,"380,000",28,1,2023,중개거래,서울 강남구,165.4312,9,799,N,23.02.28,11680,,수서동
804동,디에이치자이개포,2021,,,,"253,000",18,2,2023,중개거래,서울 강남구,84.73,28,743,N,23.10.25,11680,,일원동
8,쌍용대치2,1983,,,,"287,000",11,2,2023,중개거래,서울 강남구,120.76,7,65,N,23.08.31,11680,,대치동
103,래미안펜타빌,2007,,,,"320,000",21,2,2023,중개거래,서울 강남구,158.58,20,713-7,N,23.07.31,11680,,역삼동
,동부센트레빌,1998,,,,"178,000",11,2,2023,중개거래,서울 강남구,84.97,18,716,N,23.07.14,11680,,역삼동
104,대치아이파크,2008,,,,"200,000",5,2,2023,중개거래,서울 강남구 서울 서초구,59.96,15,888,N,23.05.02,11680,,대치동
603,개포주공6단지,1983,,,,"200,000",7,2,2023,중개거래,서울 강남구,60.13,13,185,N,23.05.19,11680,,개포동
,한양수자인어반게이트,2013,,,,"21,700",27,2,2023,중개거래,서울 강남구,16.2,7,221-7,N,23.05.17,11680,,논현동
1단지 101,삼성동힐스테이트 1단지,2008,,,,"237,000",27,2,2023,중개거래,"서울 강남구, 서울 서초구",84.236,6,16-2,N,23.04.28,11680,,삼성동
216,성원대치2단지아파트,1992,,,,"100,000",7,2,2023,중개거래,서울 강남구,39.53,14,12,N,23.04.24,11680,,개포동
704,신동아,1992,,,,"84,500",15,2,2023,중개거래,서울 송파구,33.18,11,736,N,23.05.03,11680,,수서동
212,도곡렉슬,2006,,,,"238,000",10,3,2023,중개거래,서울 강남구,84.9231,2,527,N,23.10.04,11680,,도곡동
113,신현대12차,1982,,,,"580,000",3,3,2023,중개거래,서울 강남구,182.95,13,434,N,23.06.30,11680,,압구정동
114,개포래미안포레스트,2020,,,,"232,000",30,3,2023,중개거래,서울 강남구,84.83,27,1282,N,23.06.23,11680,,개포동
,대우아이빌멤버스(891-26),2003,,,,"43,500",20,3,2023,중개거래,서울 강남구,42.837,6,891-26,N,23.06.23,11680,,대치동
105,역삼래미안,2005,,,,"168,300",26,3,2023,중개거래,서울 강남구,59.4,18,757,N,23.05.31,11680,,역삼동
512,강남데시앙파크,2011,,,,"117,500",23,3,2023,중개거래,서울 강남구,84.97,5,525,N,23.05.19,11680,,세곡동
,역삼래미안,2005,,23.05.16,O,"168,300",27,3,2023,중개거래,서울 강남구,59.4,18,757,N,,11680,,역삼동
101,한보미도맨션1,1983,,,,"250,000",10,3,2023,중개거래,서울 강남구,84.48,13,511,N,23.05.17,11680,,대치동
24,미성2차,1987,,,,"250,000",7,3,2023,중개거래,서울 강남구,74.4,1,397,N,23.05.30,11680,,압구정동
103,도곡렉슬,2006,,,,"171,000",30,3,2023,중개거래,서울 강남구,59.9772,13,527,N,23.07.28,11680,,도곡동
,현대4,1987,,,,"162,000",21,4,2023,중개거래,서울 강남구,84.98,11,614,N,24.01.31,11680,,일원동
103,청담대림이-편한세상,2002,,,,"190,000",18,4,2023,중개거래,서울 강남구,81.84,4,30-33,N,23.08.16,11680,,청담동
604동,강남한신휴플러스6단지,2015,,,,"105,000",21,4,2023,중개거래,서울 강남구,59.98,8,365,N,23.07.17,11680,,율현동
210,래미안블레스티지,2019,,,,"249,500",25,4,2023,중개거래,서울 강남구,84.94,26,1280,N,23.08.14,11680,,개포동
,개포자이프레지던스,2023,,,,"214,000",24,4,2023,중개거래,서울 강남구,59.98,15,189,N,,11680,,개포동
비,타워팰리스1,2002,,,,"440,000",20,4,2023,중개거래,서울 강남구,164.97,11,467,N,23.06.07,11680,,도곡동
,이니그마빌,2001,,,,"350,000",3,4,2023,중개거래,서울 강남구,244.77,4,94,N,23.06.12,11680,,청담동
30,은마,1979,,,,"213,300",28,4,2023,중개거래,서울 강남구,76.79,10,316,N,23.07.05,11680,,대치동
,은마,1979,,23.06.01,O,"213,300",28,4,2023,중개거래,서울 강남구,76.79,10,316,N,,11680,,대치동
8,쌍용대치2,1983,,,,"285,000",27,4,2023,중개거래,서울 강남구,120.76,8,65,N,23.07.31,11680,,대치동
101,채널리저브,2007,,,,"144,000",12,5,2023,중개거래,서울 강남구,84.97,3,144-14,N,23.10.20,11680,,삼성동
비,타워팰리스1,2002,,,,"490,000",16,5,2023,중개거래,서울 강남구,164.95,30,467,N,23.09.04,11680,,도곡동
디,타워팰리스1,2002,,,,"220,000",26,5,2023,중개거래,서울 강남구,84.15,39,467,N,23.08.16,11680,,도곡동
101,청담자이,2011,,,,"185,000",24,5,2023,중개거래,서울 강남구,49.619,13,134-38,N,23.08.30,11680,,청담동
102,동부센트레빌,2005,,,,"430,000",19,5,2023,중개거래,서울 강남구,145.83,27,670,N,23.08.09,11680,,대치동
110,대치삼성,2000,,,,"215,000",27,5,2023,중개거래,서울 강남구,84.58,9,1014-3,N,23.09.22,11680,,대치동
101,신성아파트101동,1996,,,,"135,000",11,5,2023,중개거래,서울 강남구,59.67,2,622,N,23.08.07,11680,,신사동
21,미성2차,1987,,,,"408,000",8,5,2023,중개거래,서울 강남구,140.9,9,397,N,23.09.01,11680,,압구정동
104,역삼푸르지오,2006,,,,"230,000",2,5,2023,중개거래,서울 강남구,84.9097,15,754-1,N,23.07.31,11680,,역삼동
,대우디오빌,2002,,,,"40,000",10,5,2023,중개거래,서울 강남구,39.13,11,720-25,N,23.07.31,11680,,역삼동
,디에이치아너힐즈,2019,,,,"205,000",27,6,2023,중개거래,서울 강남구,59.7479,4,1281,N,,11680,,개포동
814동,디에이치자이개포,2021,,,,"272,000",25,6,2023,중개거래,서울 강남구 서울 서초구,84.75,20,743,N,23.12.28,11680,,일원동
2,우성캐릭터199,1998,,,,"275,000",9,6,2023,중개거래,서울 강남구,164.97,29,467-24,N,23.12.29,11680,,도곡동
322,디에이치아너힐즈,2019,,,,"260,000",20,6,2023,중개거래,서울 강남구,76.1709,6,1281,N,23.12.01,11680,,개포동
104,역삼푸르지오,2006,,,,"240,000",17,6,2023,중개거래,서울 강남구,84.9097,10,754-1,N,23.10.23,11680,,역삼동
,개포자이프레지던스,2023,,,,"279,250",30,6,2023,중개거래,서울 강남구,78.33,9,189,N,,11680,,개포동
126,개포래미안포레스트,2020,,,,"220,000",6,6,2023,중개거래,서울 강남구,74.66,24,1282,N,23.10.13,11680,,개포동
306,세곡리엔파크(3단지),2011,,,,"114,000",23,6,2023,중개거래,서울 강남구,84.96,3,516,N,23.10.18,11680,,세곡동
110,대치삼성,2000,,,,"220,000",2,6,2023,중개거래,서울 강남구,84.58,8,1014-3,N,23.09.22,11680,,대치동
111,대치삼성,2000,,,,"162,500",29,6,2023,중개거래,서울 강남구,59.88,2,1014-3,N,23.09.13,11680,,대치동
103,래미안펜타빌,2007,,,,"349,000",11,7,2023,중개거래,서울 강남구,136.28,8,713-7,N,24.02.27,11680,,역삼동
316,디에이치아너힐즈,2019,,,,"203,000",21,7,2023,중개거래,서울 강남구,59.7479,2,1281,N,23.11.15,11680,,개포동
95,현대8차(성수현대:91~95동),1980,,,,"350,000",14,7,2023,중개거래,서울 강남구,107.64,6,481,N,23.12.28,11680,,압구정동
에이,타워팰리스1,2002,,,,"470,000",2,7,2023,중개거래,서울 강남구,164.97,19,467,N,23.12.29,11680,,도곡동
405,삼익,1992,,,,"132,000",3,7,2023,중개거래,"서울 강남구, 서울 서초구",60,8,708,N,23.10.13,11680,,수서동
124,개포래미안포레스트,2020,,,,"409,000",21,7,2023,중개거래,서울 강남구,136.06,27,1282,N,23.10.20,11680,,개포동
211,래미안블레스티지,2019,,,,"275,000",10,7,2023,중개거래,서울 강남구,84.94,7,1280,N,23.09.25,11680,,개포동
7,경남1,1984,,,,"240,000",31,7,2023,중개거래,서울 강남구,96.98,4,649,N,23.11.30,11680,,개포동
411,도곡렉슬,2006,,,,"390,000",28,7,2023,중개거래,서울 강남구,114.9931,22,527,N,23.10.20,11680,,도곡동
씨,타워팰리스1,2002,,,,"990,000",31,7,2023,중개거래,서울 강남구,301.47,55,467,N,23.12.01,11680,,도곡동
315,디에이치아너힐즈,2019,,,,"213,000",19,8,2023,중개거래,서울 강남구,59.8732,22,1281,N,24.02.22,11680,,개포동
,래미안 개포 루체하임,2018,,23.11.30,O,"187,500",26,8,2023,중개거래,서울 강남구,59.99,1,741,N,,11680,,일원동
116,개포래미안포레스트,2020,,,,"229,000",31,8,2023,중개거래,서울 강남구,74.66,16,1282,N,23.12.08,11680,,개포동
,동익,1993,,,,"150,000",5,8,2023,중개거래,서울 강남구,84.46,11,738,N,,11680,,수서동
,한화진넥스빌,2001,,,,"48,500",29,8,2023,중개거래,서울 강남구,51.08,6,706-20,N,23.11.30,11680,,역삼동
1,아펠바움,2008,,,,"658,500",5,8,2023,중개거래,서울 강남구,241.83,14,99-3,N,23.11.03,11680,,삼성동
119,수서,1992,,,,"88,000",10,8,2023,중개거래,서울 강남구,39.98,5,711,N,23.11.10,11680,,일원동
102,청담자이,2011,,,,"188,000",31,8,2023,중개거래,서울 강남구,49.593,13,134-38,N,24.01.02,11680,,청담동
104,푸른마을아파트101동~111동,1994,,,,"170,000",26,8,2023,중개거래,서울 강남구,84.93,4,719,N,23.12.14,11680,,일원동
206,래미안블레스티지,2019,,,,"273,000",6,8,2023,중개거래,서울 강남구,84.943,16,1280,N,24.01.24,11680,,개포동
209,래미안블레스티지,2019,,,,"165,000",22,9,2023,중개거래,서울 강남구,49.909,15,1280,N,24.02.29,11680,,개포동
,래미안블레스티지,2019,,24.02.29,O,"165,000",22,9,2023,중개거래,서울 강남구,49.909,15,1280,N,,11680,,개포동
104,대치삼성,2000,,,,"280,000",27,9,2023,중개거래,서울 강남구,108.52,2,1014-3,N,24.01.26,11680,,대치동
주건축물제1동,한양립스,2022,,,,"71,700",18,9,2023,직거래,,38.2471,4,142-16,N,24.01.10,11680,,삼성동
129,개포래미안포레스트,2020,,,,"191,500",27,9,2023,중개거래,서울 강남구,59.92,16,1282,N,24.01.15,11680,,개포동
7,선경1차(1동-7동),1983,,,,"385,000",20,9,2023,중개거래,서울 강남구,136.68,14,506,N,24.01.15,11680,,대치동
103,아크로힐스논현,2014,,,,"265,000",27,9,2023,중개거래,서울 강남구,113.087,5,276-1,N,23.12.08,11680,,논현동
306,도곡렉슬,2006,,,,"400,000",12,9,2023,중개거래,서울 강남구,134.9023,3,527,N,23.11.30,11680,,도곡동
102,한신오페라하우스,2003,,,,"205,000",19,9,2023,중개거래,서울 강남구,123.75,11,35-47,N,23.11.30,11680,,청담동
108,e-편한세상,2005,,,,"200,000",27,9,2023,중개거래,서울 강남구,59.606,15,755-4,N,23.12.29,11680,,역삼동
813동,디에이치자이개포,2021,,,,"335,000",19,10,2023,중개거래,"서울 강남구, 서울 서초구",103.86,8,743,N,24.05.29,11680,,일원동
29,은마,1979,,,,"280,000",12,10,2023,중개거래,서울 강남구,84.43,9,316,N,24.03.04,11680,,대치동
52,현대4차저층(51~56동),1977,,,,"538,000",4,10,2023,중개거래,서울 강남구 서울 양천구,117.91,3,462,N,24.01.31,11680,,압구정동
,개포우성1,1983,,,,"310,000",20,10,2023,중개거래,서울 강남구,84.81,15,503,N,,11680,,대치동
105,동부센트레빌,2005,,,,"479,000",16,10,2023,중개거래,서울 강남구,145.83,13,670,N,24.02.28,11680,,대치동
105,가람,1993,,,,"228,200",23,10,2023,중개거래,서울 강남구,84.95,3,735,N,24.01.25,11680,,일원동
0,SK허브프리모,2006,,,,"89,500",22,10,2023,중개거래,서울 강남구,67.5,17,953-1,N,24.01.05,11680,,도곡동
1003,까치마을,1993,,,,"94,500",19,10,2023,중개거래,서울 강남구,39.6,7,746,N,24.02.07,11680,,수서동
104,강남센트럴아이파크,2022,,,,"437,000",24,10,2023,중개거래,서울 강남구,125.462,20,902,N,24.03.25,11680,,역삼동
108,대치아이파크,2008,,,,"290,000",30,10,2023,중개거래,서울 강남구,84.93,14,888,N,24.02.28,11680,,대치동
에프,타워팰리스2,2003,,,,"315,000",24,11,2023,중개거래,서울 강남구,115.63,25,467-17,N,24.05.27,11680,,도곡동
,타워팰리스2,2003,,24.05.22,O,"315,000",24,11,2023,중개거래,서울 강남구,115.63,25,467-17,N,,11680,,도곡동
씨,타워팰리스1,2002,,,,"495,000",13,11,2023,중개거래,서울 강남구,164.97,31,467,N,24.05.13,11680,,도곡동
604동,강남한신휴플러스6단지,2015,,,,"108,000",17,11,2023,중개거래,서울 강남구,59.98,9,365,N,24.04.30,11680,,율현동
101,삼성청담공원아파트,1999,,,,"178,000",23,11,2023,중개거래,서울 강남구,84.96,9,60,N,24.01.30,11680,,청담동
,펜트힐루논현,2021,,,,"115,000",27,11,2023,중개거래,서울 용산구,43.392,8,211-21,N,24.04.15,11680,,논현동
2,한양1차(영동한양),1977,,,,"318,000",30,11,2023,중개거래,서울 강남구,63.87,3,490,N,24.02.29,11680,,압구정동
1006,까치마을,1993,,,,"90,000",13,11,2023,중개거래,서울 강남구,39.6,7,746,N,24.01.15,11680,,수서동
,삼성청담공원아파트,1999,,24.01.29,O,"178,000",23,11,2023,중개거래,서울 강남구,84.96,9,60,N,,11680,,청담동
207,상록수,1993,,,,"189,000",29,11,2023,중개거래,서울 강남구,74.54,3,734,N,24.01.30,11680,,일원동
406,강남브리즈힐(토지임대부아파트),2014,,,,"87,000",10,12,2023,중개거래,서울 강남구,74.04,11,618,Y,24.05.13,11680,,자곡동
55,현대4차저층(51~56동),1977,,,,"535,000",18,12,2023,중개거래,서울 강남구,117.91,3,462,N,24.04.16,11680,,압구정동
105,삼성청담공원아파트,1999,,,,"210,000",30,12,2023,중개거래,서울 강남구,107.22,11,60,N,24.03.18,11680,,청담동
,현대4차저층(51~56동),1977,,24.03.06,O,"535,000",18,12,2023,중개거래,서울 강남구,117.91,3,462,N,,11680,,압구정동
102,동양파라곤,2006,,,,"545,000",29,12,2023,중개거래,서울 강남구,171.1005,10,69-18,N,24.06.26,11680,,청담동
106,래미안대치팰리스,2015,,,,"323,000",30,12,2023,중개거래,서울 강남구,84.98,18,1027,N,24.02.29,11680,,대치동
104,역삼래미안,2005,,,,"182,000",31,12,2023,중개거래,서울 강남구,59.53,17,757,N,24.03.22,11680,,역삼동
804,동익,1993,,,,"142,000",11,12,2023,중개거래,서울 강남구,84.46,14,738,N,24.01.25,11680,,수서동
1단지 110,삼성동힐스테이트 1단지,2008,,,,"380,000",21,12,2023,중개거래,서울 강남구,114.463,9,16-2,N,24.06.11,11680,,삼성동
102,럭키(963),1995,,,,"190,000",13,12,2023,중개거래,"서울 강남구, 서울 서초구",84.97,14,963,N,24.02.21,11680,,도곡동
